In directory:/home/chen_le/TMNF/examples/flowDet
Training and testing NF  for rnvp_logits_rbf_cls_ib ...
Matplotlib created a temporary config/cache directory at /tmp/matplotlib-f6gj064g because the default path (/run/user/163992/.cache/matplotlib) is not a writable directory; it is highly recommended to set the MPLCONFIGDIR environment variable to a writable directory, in particular to speed up the import of Matplotlib and to better support multiprocessing.
Matplotlib is building the font cache; this may take a moment.
Host: rmc-gpu03
Conda: /home/chen_le/miniforge3/condabin/conda
/home/chen_le/TMNF/examples/flowDet
sh: VERSION: command not found
Version:
Warning: Dependencies for Boltzmann generators could not be loaded. Other models can still be used.
Warning: Dependencies for Boltzmann generators could not be loaded. Other models can still be used.
FLOWDET_CONFIG_ROOT: /home/chen_le/TMNF/configs
Loading config file: /home/chen_le/TMNF/configs/flowDet/train/onlyFlow_voc/oF_frcnn_voc_rnvp_logits_rbf_cls_ib_lru1_yolo.py
adding logging file /home/chen_le/TMNF/data/trained_weights/YOLOv8/XMLDataset/rnvp/FlowDet_Voc_clsLogits_lru1_yolo/resampled_cls_ib/fixed_prior/beta30.0_sig0.5_T100_eps0.05_3*128_Ini0True_dp0.1_affine_exp_16*[4*64]_Adam_0.0001_bs1024_max400_gnormNone_rnd3/20250808_105437.log
adding logging file /home/chen_le/TMNF/data/trained_weights/YOLOv8/XMLDataset/rnvp/FlowDet_Voc_clsLogits_lru1_yolo/resampled_cls_ib/fixed_prior/beta30.0_sig0.5_T100_eps0.05_3*128_Ini0True_dp0.1_affine_exp_16*[4*64]_Adam_0.0001_bs1024_max400_gnormNone_rnd3/20250808_105437.log
2025-08-08 10:54:37,604:     INFO - flowDet_mmdet.utils.functional_utils:  data_type: eval
2025-08-08 10:54:37,685:     INFO - flowDet_mmdet.utils.functional_utils:  testTypes: (611,)
2025-08-08 10:54:37,685:     INFO - flowDet_mmdet.utils.functional_utils:  testLogits: (611, 3)
2025-08-08 10:54:37,685:     INFO - flowDet_mmdet.utils.functional_utils:  testFeats: (0,)
2025-08-08 10:54:37,686:     INFO - train_onlyFLow:  test #type 0: 591
2025-08-08 10:54:37,686:     INFO - train_onlyFLow:  test #type 1: 0
2025-08-08 10:54:37,686:     INFO - train_onlyFLow:  test #type 2: 0
2025-08-08 10:54:37,686:     INFO - flowDet_mmdet.utils.functional_utils:  data_type: eval
2025-08-08 10:54:37,690:     INFO - flowDet_mmdet.utils.functional_utils:  testTypes: (613,)
2025-08-08 10:54:37,690:     INFO - flowDet_mmdet.utils.functional_utils:  testLogits: (613, 3)
2025-08-08 10:54:37,690:     INFO - flowDet_mmdet.utils.functional_utils:  testFeats: (0,)
2025-08-08 10:54:37,690:     INFO - train_onlyFLow:  val #type 0: 593
2025-08-08 10:54:37,690:     INFO - train_onlyFLow:  val #type 1: 0
2025-08-08 10:54:37,690:     INFO - train_onlyFLow:  val #type 2: 0
2025-08-08 10:54:37,690:     INFO - flowDet_mmdet.utils.functional_utils:  data_type: train
2025-08-08 10:54:37,714:     INFO - flowDet_mmdet.utils.functional_utils:  trainLogits: (1763, 3)
2025-08-08 10:54:37,714:     INFO - flowDet_mmdet.utils.functional_utils:  trainLabels: (1763,)
hyper-params: beta30.0_sig0.5_T100_eps0.05_3*128_Ini0True_dp0.1_affine_exp_16*[4*64]_Adam_0.0001_bs1024_max400_gnormNone
2025-08-08 10:54:51,913:     INFO - train_onlyFLow:  Epoch: 0
2025-08-08 10:54:51,914:     INFO - train_onlyFLow:  ##### On Val Set: #####
/home/chen_le/miniforge3/envs/tmnf_mmdet/lib/python3.7/site-packages/torch/optim/adam.py:48: UserWarning: optimizer contains a parameter group with duplicate parameters; in future, this will cause an error; see github.com/pytorch/pytorch/issues/40967 for more information
  super(Adam, self).__init__(params, defaults)
0it [00:00, ?it/s]1it [00:00,  4.10it/s]1it [00:00,  4.10it/s]2025-08-08 10:54:52,161:     INFO - flowDet_mmdet.utils.functional_utils:  tpKnown_nll after filtering out 0 Nans: 7.144
2025-08-08 10:54:52,177:     INFO - flowDet_mmdet.utils.functional_utils:  fpUnknown_nll after filtering out 0 Nans: nan
adding logging file /home/chen_le/TMNF/data/trained_weights/YOLOv8/XMLDataset/rnvp/FlowDet_Voc_clsLogits_lru1_yolo/resampled_cls_ib/fixed_prior/beta30.0_sig0.5_T100_eps0.05_3*128_Ini0True_dp0.1_affine_exp_16*[4*64]_Adam_0.0001_bs1024_max400_gnormNone_rnd3/20250808_105437.log
Warning: No OOD-class detections (outData is empty). OOD samples perfectly filtered.
2025-08-08 10:54:52,179:     INFO - flowDet_mmdet.utils.gmmDet_utils:  Results for Method: rnvp_resampled_cls_ib
2025-08-08 10:54:52,179:     INFO - flowDet_mmdet.utils.gmmDet_utils:  ------ AUPR: 1.0
2025-08-08 10:54:52,179:     INFO - flowDet_mmdet.utils.gmmDet_utils:  ------ AUROC: 1.0
2025-08-08 10:54:52,179:     INFO - flowDet_mmdet.utils.gmmDet_utils:  ------ TPR at 0.0FPR: 0.0
2025-08-08 10:54:52,179:     INFO - flowDet_mmdet.utils.gmmDet_utils:  ------ TPR at 0.0FPR: 0.0
2025-08-08 10:54:52,179:     INFO - flowDet_mmdet.utils.gmmDet_utils:  ------ TPR at 0.0FPR: 0.0
2025-08-08 10:54:52,179:     INFO - train_onlyFLow:  Because early_stop_iter is 0, we train the model with epochs 400.
adding logging file /home/chen_le/TMNF/data/trained_weights/YOLOv8/XMLDataset/rnvp/FlowDet_Voc_clsLogits_lru1_yolo/resampled_cls_ib/fixed_prior/beta30.0_sig0.5_T100_eps0.05_3*128_Ini0True_dp0.1_affine_exp_16*[4*64]_Adam_0.0001_bs1024_max400_gnormNone_rnd3/20250808_105437.log
2025-08-08 10:54:52,556:     INFO - flowDet_mmdet.utils.training_utils:  mean nll is 5.463.
2025-08-08 10:54:52,556:     INFO - train_onlyFLow:  Epoch: 1
2025-08-08 10:54:52,931:     INFO - flowDet_mmdet.utils.training_utils:  mean nll is 5.276.
2025-08-08 10:54:52,931:     INFO - train_onlyFLow:  Epoch: 2
2025-08-08 10:54:53,310:     INFO - flowDet_mmdet.utils.training_utils:  mean nll is 5.119.
2025-08-08 10:54:53,310:     INFO - train_onlyFLow:  Epoch: 3
2025-08-08 10:54:53,680:     INFO - flowDet_mmdet.utils.training_utils:  mean nll is 4.905.
2025-08-08 10:54:53,680:     INFO - train_onlyFLow:  Epoch: 4
2025-08-08 10:54:54,057:     INFO - flowDet_mmdet.utils.training_utils:  mean nll is 4.695.
2025-08-08 10:54:54,058:     INFO - train_onlyFLow:  Epoch: 5
2025-08-08 10:54:54,443:     INFO - flowDet_mmdet.utils.training_utils:  mean nll is 4.474.
2025-08-08 10:54:54,444:     INFO - train_onlyFLow:  Epoch: 6
2025-08-08 10:54:54,892:     INFO - flowDet_mmdet.utils.training_utils:  mean nll is 4.304.
2025-08-08 10:54:54,893:     INFO - train_onlyFLow:  Epoch: 7
2025-08-08 10:54:55,271:     INFO - flowDet_mmdet.utils.training_utils:  mean nll is 4.188.
2025-08-08 10:54:55,272:     INFO - train_onlyFLow:  Epoch: 8
2025-08-08 10:54:55,650:     INFO - flowDet_mmdet.utils.training_utils:  mean nll is 4.124.
2025-08-08 10:54:55,650:     INFO - train_onlyFLow:  Epoch: 9
2025-08-08 10:54:56,026:     INFO - flowDet_mmdet.utils.training_utils:  mean nll is 4.086.
2025-08-08 10:54:56,027:     INFO - train_onlyFLow:  Epoch: 10
2025-08-08 10:54:56,405:     INFO - flowDet_mmdet.utils.training_utils:  mean nll is 4.056.
2025-08-08 10:54:56,406:     INFO - train_onlyFLow:  Epoch: 11
2025-08-08 10:54:56,780:     INFO - flowDet_mmdet.utils.training_utils:  mean nll is 4.020.
2025-08-08 10:54:56,780:     INFO - train_onlyFLow:  Epoch: 12
2025-08-08 10:54:57,161:     INFO - flowDet_mmdet.utils.training_utils:  mean nll is 3.972.
2025-08-08 10:54:57,162:     INFO - train_onlyFLow:  Epoch: 13
2025-08-08 10:54:57,545:     INFO - flowDet_mmdet.utils.training_utils:  mean nll is 3.911.
2025-08-08 10:54:57,545:     INFO - train_onlyFLow:  Epoch: 14
2025-08-08 10:54:57,928:     INFO - flowDet_mmdet.utils.training_utils:  mean nll is 3.848.
2025-08-08 10:54:57,928:     INFO - train_onlyFLow:  Epoch: 15
2025-08-08 10:54:58,295:     INFO - flowDet_mmdet.utils.training_utils:  mean nll is 3.783.
2025-08-08 10:54:58,295:     INFO - train_onlyFLow:  Epoch: 16
2025-08-08 10:54:58,670:     INFO - flowDet_mmdet.utils.training_utils:  mean nll is 3.720.
2025-08-08 10:54:58,671:     INFO - train_onlyFLow:  Epoch: 17
2025-08-08 10:54:59,052:     INFO - flowDet_mmdet.utils.training_utils:  mean nll is 3.666.
2025-08-08 10:54:59,053:     INFO - train_onlyFLow:  Epoch: 18
2025-08-08 10:54:59,431:     INFO - flowDet_mmdet.utils.training_utils:  mean nll is 3.613.
2025-08-08 10:54:59,432:     INFO - train_onlyFLow:  Epoch: 19
2025-08-08 10:54:59,809:     INFO - flowDet_mmdet.utils.training_utils:  mean nll is 3.563.
2025-08-08 10:54:59,810:     INFO - train_onlyFLow:  Epoch: 20
2025-08-08 10:55:00,188:     INFO - flowDet_mmdet.utils.training_utils:  mean nll is 3.510.
2025-08-08 10:55:00,189:     INFO - train_onlyFLow:  Epoch: 21
2025-08-08 10:55:00,567:     INFO - flowDet_mmdet.utils.training_utils:  mean nll is 3.466.
2025-08-08 10:55:00,567:     INFO - train_onlyFLow:  Epoch: 22
2025-08-08 10:55:00,946:     INFO - flowDet_mmdet.utils.training_utils:  mean nll is 3.435.
2025-08-08 10:55:00,946:     INFO - train_onlyFLow:  Epoch: 23
2025-08-08 10:55:01,317:     INFO - flowDet_mmdet.utils.training_utils:  mean nll is 3.397.
2025-08-08 10:55:01,317:     INFO - train_onlyFLow:  Epoch: 24
2025-08-08 10:55:01,694:     INFO - flowDet_mmdet.utils.training_utils:  mean nll is 3.365.
2025-08-08 10:55:01,694:     INFO - train_onlyFLow:  Epoch: 25
2025-08-08 10:55:02,078:     INFO - flowDet_mmdet.utils.training_utils:  mean nll is 3.340.
2025-08-08 10:55:02,078:     INFO - train_onlyFLow:  Epoch: 26
2025-08-08 10:55:02,452:     INFO - flowDet_mmdet.utils.training_utils:  mean nll is 3.314.
2025-08-08 10:55:02,452:     INFO - train_onlyFLow:  Epoch: 27
2025-08-08 10:55:02,831:     INFO - flowDet_mmdet.utils.training_utils:  mean nll is 3.293.
2025-08-08 10:55:02,832:     INFO - train_onlyFLow:  Epoch: 28
2025-08-08 10:55:03,218:     INFO - flowDet_mmdet.utils.training_utils:  mean nll is 3.274.
2025-08-08 10:55:03,218:     INFO - train_onlyFLow:  Epoch: 29
2025-08-08 10:55:03,598:     INFO - flowDet_mmdet.utils.training_utils:  mean nll is 3.258.
2025-08-08 10:55:03,598:     INFO - train_onlyFLow:  Epoch: 30
2025-08-08 10:55:03,974:     INFO - flowDet_mmdet.utils.training_utils:  mean nll is 3.244.
2025-08-08 10:55:03,974:     INFO - train_onlyFLow:  Epoch: 31
2025-08-08 10:55:04,353:     INFO - flowDet_mmdet.utils.training_utils:  mean nll is 3.230.
2025-08-08 10:55:04,353:     INFO - train_onlyFLow:  Epoch: 32
2025-08-08 10:55:04,726:     INFO - flowDet_mmdet.utils.training_utils:  mean nll is 3.221.
2025-08-08 10:55:04,726:     INFO - train_onlyFLow:  Epoch: 33
2025-08-08 10:55:05,103:     INFO - flowDet_mmdet.utils.training_utils:  mean nll is 3.210.
2025-08-08 10:55:05,104:     INFO - train_onlyFLow:  Epoch: 34
2025-08-08 10:55:05,472:     INFO - flowDet_mmdet.utils.training_utils:  mean nll is 3.199.
2025-08-08 10:55:05,472:     INFO - train_onlyFLow:  Epoch: 35
2025-08-08 10:55:05,844:     INFO - flowDet_mmdet.utils.training_utils:  mean nll is 3.192.
2025-08-08 10:55:05,845:     INFO - train_onlyFLow:  Epoch: 36
2025-08-08 10:55:06,221:     INFO - flowDet_mmdet.utils.training_utils:  mean nll is 3.183.
2025-08-08 10:55:06,222:     INFO - train_onlyFLow:  Epoch: 37
2025-08-08 10:55:06,605:     INFO - flowDet_mmdet.utils.training_utils:  mean nll is 3.177.
2025-08-08 10:55:06,605:     INFO - train_onlyFLow:  Epoch: 38
2025-08-08 10:55:06,993:     INFO - flowDet_mmdet.utils.training_utils:  mean nll is 3.170.
2025-08-08 10:55:06,994:     INFO - train_onlyFLow:  Epoch: 39
2025-08-08 10:55:07,373:     INFO - flowDet_mmdet.utils.training_utils:  mean nll is 3.165.
2025-08-08 10:55:07,373:     INFO - train_onlyFLow:  Epoch: 40
2025-08-08 10:55:07,757:     INFO - flowDet_mmdet.utils.training_utils:  mean nll is 3.159.
2025-08-08 10:55:07,757:     INFO - train_onlyFLow:  Epoch: 41
2025-08-08 10:55:08,132:     INFO - flowDet_mmdet.utils.training_utils:  mean nll is 3.154.
2025-08-08 10:55:08,132:     INFO - train_onlyFLow:  Epoch: 42
2025-08-08 10:55:08,512:     INFO - flowDet_mmdet.utils.training_utils:  mean nll is 3.149.
2025-08-08 10:55:08,512:     INFO - train_onlyFLow:  Epoch: 43
2025-08-08 10:55:08,888:     INFO - flowDet_mmdet.utils.training_utils:  mean nll is 3.144.
2025-08-08 10:55:08,888:     INFO - train_onlyFLow:  Epoch: 44
2025-08-08 10:55:09,267:     INFO - flowDet_mmdet.utils.training_utils:  mean nll is 3.140.
2025-08-08 10:55:09,268:     INFO - train_onlyFLow:  Epoch: 45
2025-08-08 10:55:09,646:     INFO - flowDet_mmdet.utils.training_utils:  mean nll is 3.136.
2025-08-08 10:55:09,646:     INFO - train_onlyFLow:  Epoch: 46
2025-08-08 10:55:10,033:     INFO - flowDet_mmdet.utils.training_utils:  mean nll is 3.134.
2025-08-08 10:55:10,033:     INFO - train_onlyFLow:  Epoch: 47
2025-08-08 10:55:10,414:     INFO - flowDet_mmdet.utils.training_utils:  mean nll is 3.129.
2025-08-08 10:55:10,415:     INFO - train_onlyFLow:  Epoch: 48
2025-08-08 10:55:10,791:     INFO - flowDet_mmdet.utils.training_utils:  mean nll is 3.127.
2025-08-08 10:55:10,791:     INFO - train_onlyFLow:  Epoch: 49
2025-08-08 10:55:11,235:     INFO - flowDet_mmdet.utils.training_utils:  mean nll is 3.122.
2025-08-08 10:55:11,236:     INFO - train_onlyFLow:  Epoch: 50
2025-08-08 10:55:11,617:     INFO - flowDet_mmdet.utils.training_utils:  mean nll is 3.122.
2025-08-08 10:55:11,617:     INFO - train_onlyFLow:  Epoch: 51
2025-08-08 10:55:11,993:     INFO - flowDet_mmdet.utils.training_utils:  mean nll is 3.118.
2025-08-08 10:55:11,993:     INFO - train_onlyFLow:  Epoch: 52
2025-08-08 10:55:12,368:     INFO - flowDet_mmdet.utils.training_utils:  mean nll is 3.117.
2025-08-08 10:55:12,368:     INFO - train_onlyFLow:  Epoch: 53
2025-08-08 10:55:12,748:     INFO - flowDet_mmdet.utils.training_utils:  mean nll is 3.113.
2025-08-08 10:55:12,748:     INFO - train_onlyFLow:  Epoch: 54
2025-08-08 10:55:13,128:     INFO - flowDet_mmdet.utils.training_utils:  mean nll is 3.112.
2025-08-08 10:55:13,128:     INFO - train_onlyFLow:  Epoch: 55
2025-08-08 10:55:13,513:     INFO - flowDet_mmdet.utils.training_utils:  mean nll is 3.108.
2025-08-08 10:55:13,513:     INFO - train_onlyFLow:  Epoch: 56
2025-08-08 10:55:13,893:     INFO - flowDet_mmdet.utils.training_utils:  mean nll is 3.102.
2025-08-08 10:55:13,893:     INFO - train_onlyFLow:  Epoch: 57
2025-08-08 10:55:14,276:     INFO - flowDet_mmdet.utils.training_utils:  mean nll is 3.101.
2025-08-08 10:55:14,276:     INFO - train_onlyFLow:  Epoch: 58
2025-08-08 10:55:14,663:     INFO - flowDet_mmdet.utils.training_utils:  mean nll is 3.098.
2025-08-08 10:55:14,663:     INFO - train_onlyFLow:  Epoch: 59
2025-08-08 10:55:15,042:     INFO - flowDet_mmdet.utils.training_utils:  mean nll is 3.097.
2025-08-08 10:55:15,042:     INFO - train_onlyFLow:  Epoch: 60
2025-08-08 10:55:15,419:     INFO - flowDet_mmdet.utils.training_utils:  mean nll is 3.092.
2025-08-08 10:55:15,420:     INFO - train_onlyFLow:  Epoch: 61
2025-08-08 10:55:15,802:     INFO - flowDet_mmdet.utils.training_utils:  mean nll is 3.089.
2025-08-08 10:55:15,803:     INFO - train_onlyFLow:  Epoch: 62
2025-08-08 10:55:16,189:     INFO - flowDet_mmdet.utils.training_utils:  mean nll is 3.087.
2025-08-08 10:55:16,189:     INFO - train_onlyFLow:  Epoch: 63
2025-08-08 10:55:16,574:     INFO - flowDet_mmdet.utils.training_utils:  mean nll is 3.085.
2025-08-08 10:55:16,574:     INFO - train_onlyFLow:  Epoch: 64
2025-08-08 10:55:16,960:     INFO - flowDet_mmdet.utils.training_utils:  mean nll is 3.085.
2025-08-08 10:55:16,960:     INFO - train_onlyFLow:  Epoch: 65
2025-08-08 10:55:17,338:     INFO - flowDet_mmdet.utils.training_utils:  mean nll is 3.095.
2025-08-08 10:55:17,338:     INFO - train_onlyFLow:  Epoch: 66
2025-08-08 10:55:17,711:     INFO - flowDet_mmdet.utils.training_utils:  mean nll is 3.118.
2025-08-08 10:55:17,711:     INFO - train_onlyFLow:  Epoch: 67
2025-08-08 10:55:18,085:     INFO - flowDet_mmdet.utils.training_utils:  mean nll is 3.088.
2025-08-08 10:55:18,086:     INFO - train_onlyFLow:  Epoch: 68
2025-08-08 10:55:18,464:     INFO - flowDet_mmdet.utils.training_utils:  mean nll is 3.077.
2025-08-08 10:55:18,465:     INFO - train_onlyFLow:  Epoch: 69
2025-08-08 10:55:18,846:     INFO - flowDet_mmdet.utils.training_utils:  mean nll is 3.064.
2025-08-08 10:55:18,847:     INFO - train_onlyFLow:  Epoch: 70
2025-08-08 10:55:19,231:     INFO - flowDet_mmdet.utils.training_utils:  mean nll is 3.069.
2025-08-08 10:55:19,231:     INFO - train_onlyFLow:  Epoch: 71
2025-08-08 10:55:19,617:     INFO - flowDet_mmdet.utils.training_utils:  mean nll is 3.063.
2025-08-08 10:55:19,617:     INFO - train_onlyFLow:  Epoch: 72
2025-08-08 10:55:20,002:     INFO - flowDet_mmdet.utils.training_utils:  mean nll is 3.054.
2025-08-08 10:55:20,002:     INFO - train_onlyFLow:  Epoch: 73
2025-08-08 10:55:20,390:     INFO - flowDet_mmdet.utils.training_utils:  mean nll is 3.048.
2025-08-08 10:55:20,390:     INFO - train_onlyFLow:  Epoch: 74
2025-08-08 10:55:20,764:     INFO - flowDet_mmdet.utils.training_utils:  mean nll is 3.042.
2025-08-08 10:55:20,765:     INFO - train_onlyFLow:  Epoch: 75
2025-08-08 10:55:21,141:     INFO - flowDet_mmdet.utils.training_utils:  mean nll is 3.044.
2025-08-08 10:55:21,141:     INFO - train_onlyFLow:  Epoch: 76
2025-08-08 10:55:21,518:     INFO - flowDet_mmdet.utils.training_utils:  mean nll is 3.043.
2025-08-08 10:55:21,518:     INFO - train_onlyFLow:  Epoch: 77
2025-08-08 10:55:21,889:     INFO - flowDet_mmdet.utils.training_utils:  mean nll is 3.036.
2025-08-08 10:55:21,890:     INFO - train_onlyFLow:  Epoch: 78
2025-08-08 10:55:22,265:     INFO - flowDet_mmdet.utils.training_utils:  mean nll is 3.034.
2025-08-08 10:55:22,265:     INFO - train_onlyFLow:  Epoch: 79
2025-08-08 10:55:22,640:     INFO - flowDet_mmdet.utils.training_utils:  mean nll is 3.031.
2025-08-08 10:55:22,641:     INFO - train_onlyFLow:  Epoch: 80
2025-08-08 10:55:23,020:     INFO - flowDet_mmdet.utils.training_utils:  mean nll is 3.026.
2025-08-08 10:55:23,020:     INFO - train_onlyFLow:  Epoch: 81
2025-08-08 10:55:23,401:     INFO - flowDet_mmdet.utils.training_utils:  mean nll is 3.020.
2025-08-08 10:55:23,402:     INFO - train_onlyFLow:  Epoch: 82
2025-08-08 10:55:23,781:     INFO - flowDet_mmdet.utils.training_utils:  mean nll is 3.019.
2025-08-08 10:55:23,781:     INFO - train_onlyFLow:  Epoch: 83
2025-08-08 10:55:24,163:     INFO - flowDet_mmdet.utils.training_utils:  mean nll is 3.014.
2025-08-08 10:55:24,164:     INFO - train_onlyFLow:  Epoch: 84
2025-08-08 10:55:24,540:     INFO - flowDet_mmdet.utils.training_utils:  mean nll is 3.020.
2025-08-08 10:55:24,541:     INFO - train_onlyFLow:  Epoch: 85
2025-08-08 10:55:24,912:     INFO - flowDet_mmdet.utils.training_utils:  mean nll is 3.026.
2025-08-08 10:55:24,913:     INFO - train_onlyFLow:  Epoch: 86
2025-08-08 10:55:25,288:     INFO - flowDet_mmdet.utils.training_utils:  mean nll is 3.020.
2025-08-08 10:55:25,288:     INFO - train_onlyFLow:  Epoch: 87
2025-08-08 10:55:25,669:     INFO - flowDet_mmdet.utils.training_utils:  mean nll is 3.019.
2025-08-08 10:55:25,670:     INFO - train_onlyFLow:  Epoch: 88
2025-08-08 10:55:26,047:     INFO - flowDet_mmdet.utils.training_utils:  mean nll is 3.009.
2025-08-08 10:55:26,047:     INFO - train_onlyFLow:  Epoch: 89
2025-08-08 10:55:26,428:     INFO - flowDet_mmdet.utils.training_utils:  mean nll is 3.002.
2025-08-08 10:55:26,429:     INFO - train_onlyFLow:  Epoch: 90
2025-08-08 10:55:26,814:     INFO - flowDet_mmdet.utils.training_utils:  mean nll is 3.002.
2025-08-08 10:55:26,815:     INFO - train_onlyFLow:  Epoch: 91
2025-08-08 10:55:27,200:     INFO - flowDet_mmdet.utils.training_utils:  mean nll is 3.000.
2025-08-08 10:55:27,201:     INFO - train_onlyFLow:  Epoch: 92
2025-08-08 10:55:27,578:     INFO - flowDet_mmdet.utils.training_utils:  mean nll is 3.001.
2025-08-08 10:55:27,579:     INFO - train_onlyFLow:  Epoch: 93
2025-08-08 10:55:27,960:     INFO - flowDet_mmdet.utils.training_utils:  mean nll is 2.993.
2025-08-08 10:55:27,960:     INFO - train_onlyFLow:  Epoch: 94
2025-08-08 10:55:28,347:     INFO - flowDet_mmdet.utils.training_utils:  mean nll is 2.990.
2025-08-08 10:55:28,348:     INFO - train_onlyFLow:  Epoch: 95
2025-08-08 10:55:28,726:     INFO - flowDet_mmdet.utils.training_utils:  mean nll is 2.984.
2025-08-08 10:55:28,726:     INFO - train_onlyFLow:  Epoch: 96
2025-08-08 10:55:29,104:     INFO - flowDet_mmdet.utils.training_utils:  mean nll is 2.985.
2025-08-08 10:55:29,104:     INFO - train_onlyFLow:  Epoch: 97
2025-08-08 10:55:29,570:     INFO - flowDet_mmdet.utils.training_utils:  mean nll is 2.985.
2025-08-08 10:55:29,570:     INFO - train_onlyFLow:  Epoch: 98
2025-08-08 10:55:29,956:     INFO - flowDet_mmdet.utils.training_utils:  mean nll is 2.986.
2025-08-08 10:55:29,956:     INFO - train_onlyFLow:  Epoch: 99
2025-08-08 10:55:30,335:     INFO - flowDet_mmdet.utils.training_utils:  mean nll is 2.986.
2025-08-08 10:55:30,335:     INFO - train_onlyFLow:  Epoch: 100
2025-08-08 10:55:30,720:     INFO - flowDet_mmdet.utils.training_utils:  mean nll is 2.981.
2025-08-08 10:55:30,721:     INFO - train_onlyFLow:  Epoch: 101
2025-08-08 10:55:31,100:     INFO - flowDet_mmdet.utils.training_utils:  mean nll is 2.981.
2025-08-08 10:55:31,101:     INFO - train_onlyFLow:  Epoch: 102
2025-08-08 10:55:31,480:     INFO - flowDet_mmdet.utils.training_utils:  mean nll is 2.976.
2025-08-08 10:55:31,480:     INFO - train_onlyFLow:  Epoch: 103
2025-08-08 10:55:31,868:     INFO - flowDet_mmdet.utils.training_utils:  mean nll is 2.976.
2025-08-08 10:55:31,868:     INFO - train_onlyFLow:  Epoch: 104
2025-08-08 10:55:32,260:     INFO - flowDet_mmdet.utils.training_utils:  mean nll is 2.980.
2025-08-08 10:55:32,261:     INFO - train_onlyFLow:  Epoch: 105
2025-08-08 10:55:32,639:     INFO - flowDet_mmdet.utils.training_utils:  mean nll is 2.977.
2025-08-08 10:55:32,639:     INFO - train_onlyFLow:  Epoch: 106
2025-08-08 10:55:33,021:     INFO - flowDet_mmdet.utils.training_utils:  mean nll is 2.976.
2025-08-08 10:55:33,021:     INFO - train_onlyFLow:  Epoch: 107
2025-08-08 10:55:33,401:     INFO - flowDet_mmdet.utils.training_utils:  mean nll is 2.972.
2025-08-08 10:55:33,402:     INFO - train_onlyFLow:  Epoch: 108
2025-08-08 10:55:33,786:     INFO - flowDet_mmdet.utils.training_utils:  mean nll is 2.972.
2025-08-08 10:55:33,786:     INFO - train_onlyFLow:  Epoch: 109
2025-08-08 10:55:34,173:     INFO - flowDet_mmdet.utils.training_utils:  mean nll is 2.971.
2025-08-08 10:55:34,173:     INFO - train_onlyFLow:  Epoch: 110
2025-08-08 10:55:34,562:     INFO - flowDet_mmdet.utils.training_utils:  mean nll is 2.972.
2025-08-08 10:55:34,562:     INFO - train_onlyFLow:  Epoch: 111
2025-08-08 10:55:34,940:     INFO - flowDet_mmdet.utils.training_utils:  mean nll is 2.972.
2025-08-08 10:55:34,941:     INFO - train_onlyFLow:  Epoch: 112
2025-08-08 10:55:35,316:     INFO - flowDet_mmdet.utils.training_utils:  mean nll is 2.969.
2025-08-08 10:55:35,317:     INFO - train_onlyFLow:  Epoch: 113
2025-08-08 10:55:35,702:     INFO - flowDet_mmdet.utils.training_utils:  mean nll is 2.967.
2025-08-08 10:55:35,703:     INFO - train_onlyFLow:  Epoch: 114
2025-08-08 10:55:36,089:     INFO - flowDet_mmdet.utils.training_utils:  mean nll is 2.966.
2025-08-08 10:55:36,090:     INFO - train_onlyFLow:  Epoch: 115
2025-08-08 10:55:36,472:     INFO - flowDet_mmdet.utils.training_utils:  mean nll is 2.966.
2025-08-08 10:55:36,473:     INFO - train_onlyFLow:  Epoch: 116
2025-08-08 10:55:36,856:     INFO - flowDet_mmdet.utils.training_utils:  mean nll is 2.969.
2025-08-08 10:55:36,856:     INFO - train_onlyFLow:  Epoch: 117
2025-08-08 10:55:37,242:     INFO - flowDet_mmdet.utils.training_utils:  mean nll is 2.967.
2025-08-08 10:55:37,243:     INFO - train_onlyFLow:  Epoch: 118
2025-08-08 10:55:37,619:     INFO - flowDet_mmdet.utils.training_utils:  mean nll is 2.963.
2025-08-08 10:55:37,619:     INFO - train_onlyFLow:  Epoch: 119
2025-08-08 10:55:38,003:     INFO - flowDet_mmdet.utils.training_utils:  mean nll is 2.962.
2025-08-08 10:55:38,003:     INFO - train_onlyFLow:  Epoch: 120
2025-08-08 10:55:38,385:     INFO - flowDet_mmdet.utils.training_utils:  mean nll is 2.962.
2025-08-08 10:55:38,386:     INFO - train_onlyFLow:  Epoch: 121
2025-08-08 10:55:38,778:     INFO - flowDet_mmdet.utils.training_utils:  mean nll is 2.964.
2025-08-08 10:55:38,779:     INFO - train_onlyFLow:  Epoch: 122
2025-08-08 10:55:39,164:     INFO - flowDet_mmdet.utils.training_utils:  mean nll is 2.960.
2025-08-08 10:55:39,165:     INFO - train_onlyFLow:  Epoch: 123
2025-08-08 10:55:39,539:     INFO - flowDet_mmdet.utils.training_utils:  mean nll is 2.962.
2025-08-08 10:55:39,540:     INFO - train_onlyFLow:  Epoch: 124
2025-08-08 10:55:39,922:     INFO - flowDet_mmdet.utils.training_utils:  mean nll is 2.962.
2025-08-08 10:55:39,922:     INFO - train_onlyFLow:  Epoch: 125
2025-08-08 10:55:40,300:     INFO - flowDet_mmdet.utils.training_utils:  mean nll is 2.958.
2025-08-08 10:55:40,300:     INFO - train_onlyFLow:  Epoch: 126
2025-08-08 10:55:40,686:     INFO - flowDet_mmdet.utils.training_utils:  mean nll is 2.956.
2025-08-08 10:55:40,687:     INFO - train_onlyFLow:  Epoch: 127
2025-08-08 10:55:41,068:     INFO - flowDet_mmdet.utils.training_utils:  mean nll is 2.957.
2025-08-08 10:55:41,068:     INFO - train_onlyFLow:  Epoch: 128
2025-08-08 10:55:41,456:     INFO - flowDet_mmdet.utils.training_utils:  mean nll is 2.955.
2025-08-08 10:55:41,456:     INFO - train_onlyFLow:  Epoch: 129
2025-08-08 10:55:41,846:     INFO - flowDet_mmdet.utils.training_utils:  mean nll is 2.956.
2025-08-08 10:55:41,846:     INFO - train_onlyFLow:  Epoch: 130
2025-08-08 10:55:42,225:     INFO - flowDet_mmdet.utils.training_utils:  mean nll is 2.955.
2025-08-08 10:55:42,226:     INFO - train_onlyFLow:  Epoch: 131
2025-08-08 10:55:42,610:     INFO - flowDet_mmdet.utils.training_utils:  mean nll is 2.954.
2025-08-08 10:55:42,611:     INFO - train_onlyFLow:  Epoch: 132
2025-08-08 10:55:43,072:     INFO - flowDet_mmdet.utils.training_utils:  mean nll is 2.954.
2025-08-08 10:55:43,072:     INFO - train_onlyFLow:  Epoch: 133
2025-08-08 10:55:43,460:     INFO - flowDet_mmdet.utils.training_utils:  mean nll is 2.957.
2025-08-08 10:55:43,460:     INFO - train_onlyFLow:  Epoch: 134
2025-08-08 10:55:43,842:     INFO - flowDet_mmdet.utils.training_utils:  mean nll is 2.958.
2025-08-08 10:55:43,842:     INFO - train_onlyFLow:  Epoch: 135
2025-08-08 10:55:44,223:     INFO - flowDet_mmdet.utils.training_utils:  mean nll is 2.962.
2025-08-08 10:55:44,224:     INFO - train_onlyFLow:  Epoch: 136
2025-08-08 10:55:44,604:     INFO - flowDet_mmdet.utils.training_utils:  mean nll is 2.967.
2025-08-08 10:55:44,604:     INFO - train_onlyFLow:  Epoch: 137
2025-08-08 10:55:44,994:     INFO - flowDet_mmdet.utils.training_utils:  mean nll is 2.960.
2025-08-08 10:55:44,994:     INFO - train_onlyFLow:  Epoch: 138
2025-08-08 10:55:45,376:     INFO - flowDet_mmdet.utils.training_utils:  mean nll is 2.957.
2025-08-08 10:55:45,376:     INFO - train_onlyFLow:  Epoch: 139
2025-08-08 10:55:45,752:     INFO - flowDet_mmdet.utils.training_utils:  mean nll is 2.954.
2025-08-08 10:55:45,753:     INFO - train_onlyFLow:  Epoch: 140
2025-08-08 10:55:46,125:     INFO - flowDet_mmdet.utils.training_utils:  mean nll is 2.956.
2025-08-08 10:55:46,126:     INFO - train_onlyFLow:  Epoch: 141
2025-08-08 10:55:46,503:     INFO - flowDet_mmdet.utils.training_utils:  mean nll is 2.958.
2025-08-08 10:55:46,503:     INFO - train_onlyFLow:  Epoch: 142
2025-08-08 10:55:46,878:     INFO - flowDet_mmdet.utils.training_utils:  mean nll is 2.954.
2025-08-08 10:55:46,878:     INFO - train_onlyFLow:  Epoch: 143
2025-08-08 10:55:47,260:     INFO - flowDet_mmdet.utils.training_utils:  mean nll is 2.954.
2025-08-08 10:55:47,260:     INFO - train_onlyFLow:  Epoch: 144
2025-08-08 10:55:47,643:     INFO - flowDet_mmdet.utils.training_utils:  mean nll is 2.951.
2025-08-08 10:55:47,643:     INFO - train_onlyFLow:  Epoch: 145
2025-08-08 10:55:48,023:     INFO - flowDet_mmdet.utils.training_utils:  mean nll is 2.951.
2025-08-08 10:55:48,023:     INFO - train_onlyFLow:  Epoch: 146
2025-08-08 10:55:48,406:     INFO - flowDet_mmdet.utils.training_utils:  mean nll is 2.951.
2025-08-08 10:55:48,407:     INFO - train_onlyFLow:  Epoch: 147
2025-08-08 10:55:48,788:     INFO - flowDet_mmdet.utils.training_utils:  mean nll is 2.951.
2025-08-08 10:55:48,789:     INFO - train_onlyFLow:  Epoch: 148
2025-08-08 10:55:49,168:     INFO - flowDet_mmdet.utils.training_utils:  mean nll is 2.951.
2025-08-08 10:55:49,168:     INFO - train_onlyFLow:  Epoch: 149
2025-08-08 10:55:49,547:     INFO - flowDet_mmdet.utils.training_utils:  mean nll is 2.950.
2025-08-08 10:55:49,548:     INFO - train_onlyFLow:  Epoch: 150
2025-08-08 10:55:49,922:     INFO - flowDet_mmdet.utils.training_utils:  mean nll is 2.948.
2025-08-08 10:55:49,922:     INFO - train_onlyFLow:  Epoch: 151
2025-08-08 10:55:50,295:     INFO - flowDet_mmdet.utils.training_utils:  mean nll is 2.948.
2025-08-08 10:55:50,295:     INFO - train_onlyFLow:  Epoch: 152
2025-08-08 10:55:50,676:     INFO - flowDet_mmdet.utils.training_utils:  mean nll is 2.947.
2025-08-08 10:55:50,676:     INFO - train_onlyFLow:  Epoch: 153
2025-08-08 10:55:51,062:     INFO - flowDet_mmdet.utils.training_utils:  mean nll is 2.947.
2025-08-08 10:55:51,062:     INFO - train_onlyFLow:  Epoch: 154
2025-08-08 10:55:51,445:     INFO - flowDet_mmdet.utils.training_utils:  mean nll is 2.949.
2025-08-08 10:55:51,445:     INFO - train_onlyFLow:  Epoch: 155
2025-08-08 10:55:51,826:     INFO - flowDet_mmdet.utils.training_utils:  mean nll is 2.947.
2025-08-08 10:55:51,827:     INFO - train_onlyFLow:  Epoch: 156
2025-08-08 10:55:52,204:     INFO - flowDet_mmdet.utils.training_utils:  mean nll is 2.945.
2025-08-08 10:55:52,204:     INFO - train_onlyFLow:  Epoch: 157
2025-08-08 10:55:52,582:     INFO - flowDet_mmdet.utils.training_utils:  mean nll is 2.945.
2025-08-08 10:55:52,582:     INFO - train_onlyFLow:  Epoch: 158
2025-08-08 10:55:52,955:     INFO - flowDet_mmdet.utils.training_utils:  mean nll is 2.946.
2025-08-08 10:55:52,955:     INFO - train_onlyFLow:  Epoch: 159
2025-08-08 10:55:53,330:     INFO - flowDet_mmdet.utils.training_utils:  mean nll is 2.945.
2025-08-08 10:55:53,330:     INFO - train_onlyFLow:  Epoch: 160
2025-08-08 10:55:53,705:     INFO - flowDet_mmdet.utils.training_utils:  mean nll is 2.945.
2025-08-08 10:55:53,706:     INFO - train_onlyFLow:  Epoch: 161
2025-08-08 10:55:54,081:     INFO - flowDet_mmdet.utils.training_utils:  mean nll is 2.943.
2025-08-08 10:55:54,082:     INFO - train_onlyFLow:  Epoch: 162
2025-08-08 10:55:54,464:     INFO - flowDet_mmdet.utils.training_utils:  mean nll is 2.945.
2025-08-08 10:55:54,464:     INFO - train_onlyFLow:  Epoch: 163
2025-08-08 10:55:54,840:     INFO - flowDet_mmdet.utils.training_utils:  mean nll is 2.943.
2025-08-08 10:55:54,841:     INFO - train_onlyFLow:  Epoch: 164
2025-08-08 10:55:55,218:     INFO - flowDet_mmdet.utils.training_utils:  mean nll is 2.942.
2025-08-08 10:55:55,219:     INFO - train_onlyFLow:  Epoch: 165
2025-08-08 10:55:55,600:     INFO - flowDet_mmdet.utils.training_utils:  mean nll is 2.944.
2025-08-08 10:55:55,600:     INFO - train_onlyFLow:  Epoch: 166
2025-08-08 10:55:55,983:     INFO - flowDet_mmdet.utils.training_utils:  mean nll is 2.942.
2025-08-08 10:55:55,983:     INFO - train_onlyFLow:  Epoch: 167
2025-08-08 10:55:56,355:     INFO - flowDet_mmdet.utils.training_utils:  mean nll is 2.942.
2025-08-08 10:55:56,355:     INFO - train_onlyFLow:  Epoch: 168
2025-08-08 10:55:56,733:     INFO - flowDet_mmdet.utils.training_utils:  mean nll is 2.943.
2025-08-08 10:55:56,734:     INFO - train_onlyFLow:  Epoch: 169
2025-08-08 10:55:57,109:     INFO - flowDet_mmdet.utils.training_utils:  mean nll is 2.945.
2025-08-08 10:55:57,110:     INFO - train_onlyFLow:  Epoch: 170
2025-08-08 10:55:57,491:     INFO - flowDet_mmdet.utils.training_utils:  mean nll is 2.949.
2025-08-08 10:55:57,491:     INFO - train_onlyFLow:  Epoch: 171
2025-08-08 10:55:57,866:     INFO - flowDet_mmdet.utils.training_utils:  mean nll is 2.960.
2025-08-08 10:55:57,867:     INFO - train_onlyFLow:  Epoch: 172
2025-08-08 10:55:58,246:     INFO - flowDet_mmdet.utils.training_utils:  mean nll is 2.964.
2025-08-08 10:55:58,246:     INFO - train_onlyFLow:  Epoch: 173
2025-08-08 10:55:58,626:     INFO - flowDet_mmdet.utils.training_utils:  mean nll is 2.966.
2025-08-08 10:55:58,626:     INFO - train_onlyFLow:  Epoch: 174
2025-08-08 10:55:59,075:     INFO - flowDet_mmdet.utils.training_utils:  mean nll is 2.970.
2025-08-08 10:55:59,076:     INFO - train_onlyFLow:  Epoch: 175
2025-08-08 10:55:59,452:     INFO - flowDet_mmdet.utils.training_utils:  mean nll is 2.961.
2025-08-08 10:55:59,453:     INFO - train_onlyFLow:  Epoch: 176
2025-08-08 10:55:59,835:     INFO - flowDet_mmdet.utils.training_utils:  mean nll is 2.952.
2025-08-08 10:55:59,836:     INFO - train_onlyFLow:  Epoch: 177
2025-08-08 10:56:00,216:     INFO - flowDet_mmdet.utils.training_utils:  mean nll is 2.949.
2025-08-08 10:56:00,217:     INFO - train_onlyFLow:  Epoch: 178
2025-08-08 10:56:00,600:     INFO - flowDet_mmdet.utils.training_utils:  mean nll is 2.944.
2025-08-08 10:56:00,601:     INFO - train_onlyFLow:  Epoch: 179
2025-08-08 10:56:00,979:     INFO - flowDet_mmdet.utils.training_utils:  mean nll is 2.943.
2025-08-08 10:56:00,980:     INFO - train_onlyFLow:  Epoch: 180
2025-08-08 10:56:01,359:     INFO - flowDet_mmdet.utils.training_utils:  mean nll is 2.941.
2025-08-08 10:56:01,360:     INFO - train_onlyFLow:  Epoch: 181
2025-08-08 10:56:01,734:     INFO - flowDet_mmdet.utils.training_utils:  mean nll is 2.941.
2025-08-08 10:56:01,735:     INFO - train_onlyFLow:  Epoch: 182
2025-08-08 10:56:02,123:     INFO - flowDet_mmdet.utils.training_utils:  mean nll is 2.941.
2025-08-08 10:56:02,123:     INFO - train_onlyFLow:  Epoch: 183
2025-08-08 10:56:02,495:     INFO - flowDet_mmdet.utils.training_utils:  mean nll is 2.940.
2025-08-08 10:56:02,495:     INFO - train_onlyFLow:  Epoch: 184
2025-08-08 10:56:02,871:     INFO - flowDet_mmdet.utils.training_utils:  mean nll is 2.940.
2025-08-08 10:56:02,872:     INFO - train_onlyFLow:  Epoch: 185
2025-08-08 10:56:03,253:     INFO - flowDet_mmdet.utils.training_utils:  mean nll is 2.940.
2025-08-08 10:56:03,254:     INFO - train_onlyFLow:  Epoch: 186
2025-08-08 10:56:03,633:     INFO - flowDet_mmdet.utils.training_utils:  mean nll is 2.941.
2025-08-08 10:56:03,634:     INFO - train_onlyFLow:  Epoch: 187
2025-08-08 10:56:04,016:     INFO - flowDet_mmdet.utils.training_utils:  mean nll is 2.938.
2025-08-08 10:56:04,016:     INFO - train_onlyFLow:  Epoch: 188
2025-08-08 10:56:04,390:     INFO - flowDet_mmdet.utils.training_utils:  mean nll is 2.938.
2025-08-08 10:56:04,391:     INFO - train_onlyFLow:  Epoch: 189
2025-08-08 10:56:04,768:     INFO - flowDet_mmdet.utils.training_utils:  mean nll is 2.938.
2025-08-08 10:56:04,769:     INFO - train_onlyFLow:  Epoch: 190
2025-08-08 10:56:05,145:     INFO - flowDet_mmdet.utils.training_utils:  mean nll is 2.939.
2025-08-08 10:56:05,146:     INFO - train_onlyFLow:  Epoch: 191
2025-08-08 10:56:05,522:     INFO - flowDet_mmdet.utils.training_utils:  mean nll is 2.940.
2025-08-08 10:56:05,523:     INFO - train_onlyFLow:  Epoch: 192
2025-08-08 10:56:05,907:     INFO - flowDet_mmdet.utils.training_utils:  mean nll is 2.938.
2025-08-08 10:56:05,908:     INFO - train_onlyFLow:  Epoch: 193
2025-08-08 10:56:06,285:     INFO - flowDet_mmdet.utils.training_utils:  mean nll is 2.938.
2025-08-08 10:56:06,286:     INFO - train_onlyFLow:  Epoch: 194
2025-08-08 10:56:06,661:     INFO - flowDet_mmdet.utils.training_utils:  mean nll is 2.939.
2025-08-08 10:56:06,662:     INFO - train_onlyFLow:  Epoch: 195
2025-08-08 10:56:07,044:     INFO - flowDet_mmdet.utils.training_utils:  mean nll is 2.936.
2025-08-08 10:56:07,044:     INFO - train_onlyFLow:  Epoch: 196
2025-08-08 10:56:07,429:     INFO - flowDet_mmdet.utils.training_utils:  mean nll is 2.937.
2025-08-08 10:56:07,429:     INFO - train_onlyFLow:  Epoch: 197
2025-08-08 10:56:07,809:     INFO - flowDet_mmdet.utils.training_utils:  mean nll is 2.942.
2025-08-08 10:56:07,810:     INFO - train_onlyFLow:  Epoch: 198
2025-08-08 10:56:08,188:     INFO - flowDet_mmdet.utils.training_utils:  mean nll is 2.945.
2025-08-08 10:56:08,188:     INFO - train_onlyFLow:  Epoch: 199
2025-08-08 10:56:08,570:     INFO - flowDet_mmdet.utils.training_utils:  mean nll is 2.945.
2025-08-08 10:56:08,570:     INFO - train_onlyFLow:  Epoch: 200
2025-08-08 10:56:08,570:     INFO - train_onlyFLow:  ##### On Val Set: #####

/home/chen_le/miniforge3/envs/tmnf_mmdet/lib/python3.7/site-packages/numpy/core/fromnumeric.py:3441: RuntimeWarning: Mean of empty slice.
  out=out, **kwargs)
/home/chen_le/miniforge3/envs/tmnf_mmdet/lib/python3.7/site-packages/numpy/core/_methods.py:189: RuntimeWarning: invalid value encountered in true_divide
  ret = ret.dtype.type(ret / rcount)
0it [00:00, ?it/s]1it [00:00, 66.05it/s]2025-08-08 10:56:08,586:     INFO - flowDet_mmdet.utils.functional_utils:  tpKnown_nll after filtering out 0 Nans: 5.712
2025-08-08 10:56:08,587:     INFO - flowDet_mmdet.utils.functional_utils:  fpUnknown_nll after filtering out 0 Nans: nan
Warning: No OOD-class detections (outData is empty). OOD samples perfectly filtered.
2025-08-08 10:56:08,587:     INFO - flowDet_mmdet.utils.gmmDet_utils:  Results for Method: rnvp_resampled_cls_ib
2025-08-08 10:56:08,588:     INFO - flowDet_mmdet.utils.gmmDet_utils:  ------ AUPR: 1.0
2025-08-08 10:56:08,588:     INFO - flowDet_mmdet.utils.gmmDet_utils:  ------ AUROC: 1.0
2025-08-08 10:56:08,588:     INFO - flowDet_mmdet.utils.gmmDet_utils:  ------ TPR at 0.0FPR: 0.0
2025-08-08 10:56:08,588:     INFO - flowDet_mmdet.utils.gmmDet_utils:  ------ TPR at 0.0FPR: 0.0
2025-08-08 10:56:08,588:     INFO - flowDet_mmdet.utils.gmmDet_utils:  ------ TPR at 0.0FPR: 0.0
2025-08-08 10:56:08,588:     INFO - train_onlyFLow:  Because early_stop_iter is 0, we train the model with epochs 400.
2025-08-08 10:56:08,967:     INFO - flowDet_mmdet.utils.training_utils:  mean nll is 2.945.
2025-08-08 10:56:08,968:     INFO - train_onlyFLow:  Epoch: 201
2025-08-08 10:56:09,350:     INFO - flowDet_mmdet.utils.training_utils:  mean nll is 2.941.
2025-08-08 10:56:09,350:     INFO - train_onlyFLow:  Epoch: 202
2025-08-08 10:56:09,726:     INFO - flowDet_mmdet.utils.training_utils:  mean nll is 2.940.
2025-08-08 10:56:09,727:     INFO - train_onlyFLow:  Epoch: 203
2025-08-08 10:56:10,108:     INFO - flowDet_mmdet.utils.training_utils:  mean nll is 2.940.
2025-08-08 10:56:10,109:     INFO - train_onlyFLow:  Epoch: 204
2025-08-08 10:56:10,494:     INFO - flowDet_mmdet.utils.training_utils:  mean nll is 2.939.
2025-08-08 10:56:10,495:     INFO - train_onlyFLow:  Epoch: 205
2025-08-08 10:56:10,872:     INFO - flowDet_mmdet.utils.training_utils:  mean nll is 2.938.
2025-08-08 10:56:10,873:     INFO - train_onlyFLow:  Epoch: 206
2025-08-08 10:56:11,247:     INFO - flowDet_mmdet.utils.training_utils:  mean nll is 2.936.
2025-08-08 10:56:11,248:     INFO - train_onlyFLow:  Epoch: 207
2025-08-08 10:56:11,627:     INFO - flowDet_mmdet.utils.training_utils:  mean nll is 2.936.
2025-08-08 10:56:11,628:     INFO - train_onlyFLow:  Epoch: 208
2025-08-08 10:56:12,012:     INFO - flowDet_mmdet.utils.training_utils:  mean nll is 2.935.
2025-08-08 10:56:12,013:     INFO - train_onlyFLow:  Epoch: 209
2025-08-08 10:56:12,396:     INFO - flowDet_mmdet.utils.training_utils:  mean nll is 2.934.
2025-08-08 10:56:12,396:     INFO - train_onlyFLow:  Epoch: 210
2025-08-08 10:56:12,774:     INFO - flowDet_mmdet.utils.training_utils:  mean nll is 2.932.
2025-08-08 10:56:12,774:     INFO - train_onlyFLow:  Epoch: 211
2025-08-08 10:56:13,146:     INFO - flowDet_mmdet.utils.training_utils:  mean nll is 2.934.
2025-08-08 10:56:13,147:     INFO - train_onlyFLow:  Epoch: 212
2025-08-08 10:56:13,526:     INFO - flowDet_mmdet.utils.training_utils:  mean nll is 2.934.
2025-08-08 10:56:13,527:     INFO - train_onlyFLow:  Epoch: 213
2025-08-08 10:56:13,973:     INFO - flowDet_mmdet.utils.training_utils:  mean nll is 2.934.
2025-08-08 10:56:13,974:     INFO - train_onlyFLow:  Epoch: 214
2025-08-08 10:56:14,357:     INFO - flowDet_mmdet.utils.training_utils:  mean nll is 2.934.
2025-08-08 10:56:14,358:     INFO - train_onlyFLow:  Epoch: 215
2025-08-08 10:56:14,731:     INFO - flowDet_mmdet.utils.training_utils:  mean nll is 2.934.
2025-08-08 10:56:14,732:     INFO - train_onlyFLow:  Epoch: 216
2025-08-08 10:56:15,109:     INFO - flowDet_mmdet.utils.training_utils:  mean nll is 2.932.
2025-08-08 10:56:15,109:     INFO - train_onlyFLow:  Epoch: 217
2025-08-08 10:56:15,492:     INFO - flowDet_mmdet.utils.training_utils:  mean nll is 2.932.
2025-08-08 10:56:15,493:     INFO - train_onlyFLow:  Epoch: 218
2025-08-08 10:56:15,866:     INFO - flowDet_mmdet.utils.training_utils:  mean nll is 2.931.
2025-08-08 10:56:15,867:     INFO - train_onlyFLow:  Epoch: 219
2025-08-08 10:56:16,233:     INFO - flowDet_mmdet.utils.training_utils:  mean nll is 2.931.
2025-08-08 10:56:16,233:     INFO - train_onlyFLow:  Epoch: 220
2025-08-08 10:56:16,606:     INFO - flowDet_mmdet.utils.training_utils:  mean nll is 2.932.
2025-08-08 10:56:16,606:     INFO - train_onlyFLow:  Epoch: 221
2025-08-08 10:56:16,979:     INFO - flowDet_mmdet.utils.training_utils:  mean nll is 2.933.
2025-08-08 10:56:16,980:     INFO - train_onlyFLow:  Epoch: 222
2025-08-08 10:56:17,361:     INFO - flowDet_mmdet.utils.training_utils:  mean nll is 2.931.
2025-08-08 10:56:17,362:     INFO - train_onlyFLow:  Epoch: 223
2025-08-08 10:56:17,733:     INFO - flowDet_mmdet.utils.training_utils:  mean nll is 2.929.
2025-08-08 10:56:17,733:     INFO - train_onlyFLow:  Epoch: 224
2025-08-08 10:56:18,111:     INFO - flowDet_mmdet.utils.training_utils:  mean nll is 2.932.
2025-08-08 10:56:18,112:     INFO - train_onlyFLow:  Epoch: 225
2025-08-08 10:56:18,496:     INFO - flowDet_mmdet.utils.training_utils:  mean nll is 2.931.
2025-08-08 10:56:18,497:     INFO - train_onlyFLow:  Epoch: 226
2025-08-08 10:56:18,877:     INFO - flowDet_mmdet.utils.training_utils:  mean nll is 2.929.
2025-08-08 10:56:18,877:     INFO - train_onlyFLow:  Epoch: 227
2025-08-08 10:56:19,263:     INFO - flowDet_mmdet.utils.training_utils:  mean nll is 2.929.
2025-08-08 10:56:19,263:     INFO - train_onlyFLow:  Epoch: 228
2025-08-08 10:56:19,646:     INFO - flowDet_mmdet.utils.training_utils:  mean nll is 2.931.
2025-08-08 10:56:19,647:     INFO - train_onlyFLow:  Epoch: 229
2025-08-08 10:56:20,029:     INFO - flowDet_mmdet.utils.training_utils:  mean nll is 2.931.
2025-08-08 10:56:20,029:     INFO - train_onlyFLow:  Epoch: 230
2025-08-08 10:56:20,420:     INFO - flowDet_mmdet.utils.training_utils:  mean nll is 2.933.
2025-08-08 10:56:20,421:     INFO - train_onlyFLow:  Epoch: 231
2025-08-08 10:56:20,808:     INFO - flowDet_mmdet.utils.training_utils:  mean nll is 2.941.
2025-08-08 10:56:20,808:     INFO - train_onlyFLow:  Epoch: 232
2025-08-08 10:56:21,187:     INFO - flowDet_mmdet.utils.training_utils:  mean nll is 2.970.
2025-08-08 10:56:21,188:     INFO - train_onlyFLow:  Epoch: 233
2025-08-08 10:56:21,566:     INFO - flowDet_mmdet.utils.training_utils:  mean nll is 3.006.
2025-08-08 10:56:21,567:     INFO - train_onlyFLow:  Epoch: 234
2025-08-08 10:56:21,953:     INFO - flowDet_mmdet.utils.training_utils:  mean nll is 3.003.
2025-08-08 10:56:21,953:     INFO - train_onlyFLow:  Epoch: 235
2025-08-08 10:56:22,338:     INFO - flowDet_mmdet.utils.training_utils:  mean nll is 3.007.
2025-08-08 10:56:22,339:     INFO - train_onlyFLow:  Epoch: 236
2025-08-08 10:56:22,722:     INFO - flowDet_mmdet.utils.training_utils:  mean nll is 3.036.
2025-08-08 10:56:22,723:     INFO - train_onlyFLow:  Epoch: 237
2025-08-08 10:56:23,104:     INFO - flowDet_mmdet.utils.training_utils:  mean nll is 2.988.
2025-08-08 10:56:23,105:     INFO - train_onlyFLow:  Epoch: 238
2025-08-08 10:56:23,482:     INFO - flowDet_mmdet.utils.training_utils:  mean nll is 2.962.
2025-08-08 10:56:23,483:     INFO - train_onlyFLow:  Epoch: 239
2025-08-08 10:56:23,859:     INFO - flowDet_mmdet.utils.training_utils:  mean nll is 2.956.
2025-08-08 10:56:23,859:     INFO - train_onlyFLow:  Epoch: 240
2025-08-08 10:56:24,232:     INFO - flowDet_mmdet.utils.training_utils:  mean nll is 2.950.
2025-08-08 10:56:24,232:     INFO - train_onlyFLow:  Epoch: 241
2025-08-08 10:56:24,611:     INFO - flowDet_mmdet.utils.training_utils:  mean nll is 2.946.
2025-08-08 10:56:24,611:     INFO - train_onlyFLow:  Epoch: 242
2025-08-08 10:56:24,989:     INFO - flowDet_mmdet.utils.training_utils:  mean nll is 2.942.
2025-08-08 10:56:24,990:     INFO - train_onlyFLow:  Epoch: 243
2025-08-08 10:56:25,370:     INFO - flowDet_mmdet.utils.training_utils:  mean nll is 2.942.
2025-08-08 10:56:25,371:     INFO - train_onlyFLow:  Epoch: 244
2025-08-08 10:56:25,746:     INFO - flowDet_mmdet.utils.training_utils:  mean nll is 2.940.
2025-08-08 10:56:25,747:     INFO - train_onlyFLow:  Epoch: 245
2025-08-08 10:56:26,117:     INFO - flowDet_mmdet.utils.training_utils:  mean nll is 2.937.
2025-08-08 10:56:26,117:     INFO - train_onlyFLow:  Epoch: 246
2025-08-08 10:56:26,493:     INFO - flowDet_mmdet.utils.training_utils:  mean nll is 2.934.
2025-08-08 10:56:26,494:     INFO - train_onlyFLow:  Epoch: 247
2025-08-08 10:56:26,872:     INFO - flowDet_mmdet.utils.training_utils:  mean nll is 2.932.
2025-08-08 10:56:26,873:     INFO - train_onlyFLow:  Epoch: 248
2025-08-08 10:56:27,251:     INFO - flowDet_mmdet.utils.training_utils:  mean nll is 2.932.
2025-08-08 10:56:27,251:     INFO - train_onlyFLow:  Epoch: 249
2025-08-08 10:56:27,635:     INFO - flowDet_mmdet.utils.training_utils:  mean nll is 2.931.
2025-08-08 10:56:27,635:     INFO - train_onlyFLow:  Epoch: 250
2025-08-08 10:56:28,016:     INFO - flowDet_mmdet.utils.training_utils:  mean nll is 2.930.
2025-08-08 10:56:28,017:     INFO - train_onlyFLow:  Epoch: 251
2025-08-08 10:56:28,392:     INFO - flowDet_mmdet.utils.training_utils:  mean nll is 2.929.
2025-08-08 10:56:28,393:     INFO - train_onlyFLow:  Epoch: 252
2025-08-08 10:56:28,777:     INFO - flowDet_mmdet.utils.training_utils:  mean nll is 2.928.
2025-08-08 10:56:28,778:     INFO - train_onlyFLow:  Epoch: 253
2025-08-08 10:56:29,156:     INFO - flowDet_mmdet.utils.training_utils:  mean nll is 2.928.
2025-08-08 10:56:29,156:     INFO - train_onlyFLow:  Epoch: 254
2025-08-08 10:56:29,535:     INFO - flowDet_mmdet.utils.training_utils:  mean nll is 2.926.
2025-08-08 10:56:29,536:     INFO - train_onlyFLow:  Epoch: 255
2025-08-08 10:56:29,916:     INFO - flowDet_mmdet.utils.training_utils:  mean nll is 2.925.
2025-08-08 10:56:29,916:     INFO - train_onlyFLow:  Epoch: 256
2025-08-08 10:56:30,388:     INFO - flowDet_mmdet.utils.training_utils:  mean nll is 2.924.
2025-08-08 10:56:30,388:     INFO - train_onlyFLow:  Epoch: 257
2025-08-08 10:56:30,772:     INFO - flowDet_mmdet.utils.training_utils:  mean nll is 2.925.
2025-08-08 10:56:30,773:     INFO - train_onlyFLow:  Epoch: 258
2025-08-08 10:56:31,153:     INFO - flowDet_mmdet.utils.training_utils:  mean nll is 2.923.
2025-08-08 10:56:31,154:     INFO - train_onlyFLow:  Epoch: 259
2025-08-08 10:56:31,528:     INFO - flowDet_mmdet.utils.training_utils:  mean nll is 2.922.
2025-08-08 10:56:31,529:     INFO - train_onlyFLow:  Epoch: 260
2025-08-08 10:56:31,908:     INFO - flowDet_mmdet.utils.training_utils:  mean nll is 2.923.
2025-08-08 10:56:31,908:     INFO - train_onlyFLow:  Epoch: 261
2025-08-08 10:56:32,291:     INFO - flowDet_mmdet.utils.training_utils:  mean nll is 2.922.
2025-08-08 10:56:32,291:     INFO - train_onlyFLow:  Epoch: 262
2025-08-08 10:56:32,675:     INFO - flowDet_mmdet.utils.training_utils:  mean nll is 2.922.
2025-08-08 10:56:32,676:     INFO - train_onlyFLow:  Epoch: 263
2025-08-08 10:56:33,054:     INFO - flowDet_mmdet.utils.training_utils:  mean nll is 2.921.
2025-08-08 10:56:33,055:     INFO - train_onlyFLow:  Epoch: 264
2025-08-08 10:56:33,436:     INFO - flowDet_mmdet.utils.training_utils:  mean nll is 2.922.
2025-08-08 10:56:33,436:     INFO - train_onlyFLow:  Epoch: 265
2025-08-08 10:56:33,821:     INFO - flowDet_mmdet.utils.training_utils:  mean nll is 2.922.
2025-08-08 10:56:33,822:     INFO - train_onlyFLow:  Epoch: 266
2025-08-08 10:56:34,195:     INFO - flowDet_mmdet.utils.training_utils:  mean nll is 2.922.
2025-08-08 10:56:34,196:     INFO - train_onlyFLow:  Epoch: 267
2025-08-08 10:56:34,581:     INFO - flowDet_mmdet.utils.training_utils:  mean nll is 2.922.
2025-08-08 10:56:34,582:     INFO - train_onlyFLow:  Epoch: 268
2025-08-08 10:56:34,956:     INFO - flowDet_mmdet.utils.training_utils:  mean nll is 2.921.
2025-08-08 10:56:34,957:     INFO - train_onlyFLow:  Epoch: 269
2025-08-08 10:56:35,334:     INFO - flowDet_mmdet.utils.training_utils:  mean nll is 2.920.
2025-08-08 10:56:35,335:     INFO - train_onlyFLow:  Epoch: 270
2025-08-08 10:56:35,706:     INFO - flowDet_mmdet.utils.training_utils:  mean nll is 2.920.
2025-08-08 10:56:35,706:     INFO - train_onlyFLow:  Epoch: 271
2025-08-08 10:56:36,083:     INFO - flowDet_mmdet.utils.training_utils:  mean nll is 2.921.
2025-08-08 10:56:36,083:     INFO - train_onlyFLow:  Epoch: 272
2025-08-08 10:56:36,463:     INFO - flowDet_mmdet.utils.training_utils:  mean nll is 2.921.
2025-08-08 10:56:36,464:     INFO - train_onlyFLow:  Epoch: 273
2025-08-08 10:56:36,847:     INFO - flowDet_mmdet.utils.training_utils:  mean nll is 2.921.
2025-08-08 10:56:36,848:     INFO - train_onlyFLow:  Epoch: 274
2025-08-08 10:56:37,233:     INFO - flowDet_mmdet.utils.training_utils:  mean nll is 2.921.
2025-08-08 10:56:37,233:     INFO - train_onlyFLow:  Epoch: 275
2025-08-08 10:56:37,612:     INFO - flowDet_mmdet.utils.training_utils:  mean nll is 2.921.
2025-08-08 10:56:37,612:     INFO - train_onlyFLow:  Epoch: 276
2025-08-08 10:56:37,989:     INFO - flowDet_mmdet.utils.training_utils:  mean nll is 2.920.
2025-08-08 10:56:37,989:     INFO - train_onlyFLow:  Epoch: 277
2025-08-08 10:56:38,369:     INFO - flowDet_mmdet.utils.training_utils:  mean nll is 2.922.
2025-08-08 10:56:38,369:     INFO - train_onlyFLow:  Epoch: 278
2025-08-08 10:56:38,747:     INFO - flowDet_mmdet.utils.training_utils:  mean nll is 2.920.
2025-08-08 10:56:38,748:     INFO - train_onlyFLow:  Epoch: 279
2025-08-08 10:56:39,122:     INFO - flowDet_mmdet.utils.training_utils:  mean nll is 2.919.
2025-08-08 10:56:39,123:     INFO - train_onlyFLow:  Epoch: 280
2025-08-08 10:56:39,503:     INFO - flowDet_mmdet.utils.training_utils:  mean nll is 2.919.
2025-08-08 10:56:39,503:     INFO - train_onlyFLow:  Epoch: 281
2025-08-08 10:56:39,880:     INFO - flowDet_mmdet.utils.training_utils:  mean nll is 2.920.
2025-08-08 10:56:39,880:     INFO - train_onlyFLow:  Epoch: 282
2025-08-08 10:56:40,259:     INFO - flowDet_mmdet.utils.training_utils:  mean nll is 2.921.
2025-08-08 10:56:40,260:     INFO - train_onlyFLow:  Epoch: 283
2025-08-08 10:56:40,648:     INFO - flowDet_mmdet.utils.training_utils:  mean nll is 2.921.
2025-08-08 10:56:40,649:     INFO - train_onlyFLow:  Epoch: 284
2025-08-08 10:56:41,032:     INFO - flowDet_mmdet.utils.training_utils:  mean nll is 2.925.
2025-08-08 10:56:41,033:     INFO - train_onlyFLow:  Epoch: 285
2025-08-08 10:56:41,411:     INFO - flowDet_mmdet.utils.training_utils:  mean nll is 2.922.
2025-08-08 10:56:41,411:     INFO - train_onlyFLow:  Epoch: 286
2025-08-08 10:56:41,794:     INFO - flowDet_mmdet.utils.training_utils:  mean nll is 2.922.
2025-08-08 10:56:41,795:     INFO - train_onlyFLow:  Epoch: 287
2025-08-08 10:56:42,172:     INFO - flowDet_mmdet.utils.training_utils:  mean nll is 2.920.
2025-08-08 10:56:42,173:     INFO - train_onlyFLow:  Epoch: 288
2025-08-08 10:56:42,546:     INFO - flowDet_mmdet.utils.training_utils:  mean nll is 2.919.
2025-08-08 10:56:42,547:     INFO - train_onlyFLow:  Epoch: 289
2025-08-08 10:56:42,927:     INFO - flowDet_mmdet.utils.training_utils:  mean nll is 2.922.
2025-08-08 10:56:42,928:     INFO - train_onlyFLow:  Epoch: 290
2025-08-08 10:56:43,309:     INFO - flowDet_mmdet.utils.training_utils:  mean nll is 2.921.
2025-08-08 10:56:43,310:     INFO - train_onlyFLow:  Epoch: 291
2025-08-08 10:56:43,686:     INFO - flowDet_mmdet.utils.training_utils:  mean nll is 2.922.
2025-08-08 10:56:43,687:     INFO - train_onlyFLow:  Epoch: 292
2025-08-08 10:56:44,067:     INFO - flowDet_mmdet.utils.training_utils:  mean nll is 2.920.
2025-08-08 10:56:44,068:     INFO - train_onlyFLow:  Epoch: 293
2025-08-08 10:56:44,449:     INFO - flowDet_mmdet.utils.training_utils:  mean nll is 2.922.
2025-08-08 10:56:44,449:     INFO - train_onlyFLow:  Epoch: 294
2025-08-08 10:56:44,835:     INFO - flowDet_mmdet.utils.training_utils:  mean nll is 2.920.
2025-08-08 10:56:44,836:     INFO - train_onlyFLow:  Epoch: 295
2025-08-08 10:56:45,215:     INFO - flowDet_mmdet.utils.training_utils:  mean nll is 2.919.
2025-08-08 10:56:45,216:     INFO - train_onlyFLow:  Epoch: 296
2025-08-08 10:56:45,591:     INFO - flowDet_mmdet.utils.training_utils:  mean nll is 2.917.
2025-08-08 10:56:45,592:     INFO - train_onlyFLow:  Epoch: 297
2025-08-08 10:56:45,977:     INFO - flowDet_mmdet.utils.training_utils:  mean nll is 2.918.
2025-08-08 10:56:45,977:     INFO - train_onlyFLow:  Epoch: 298
2025-08-08 10:56:46,352:     INFO - flowDet_mmdet.utils.training_utils:  mean nll is 2.918.
2025-08-08 10:56:46,352:     INFO - train_onlyFLow:  Epoch: 299
2025-08-08 10:56:46,737:     INFO - flowDet_mmdet.utils.training_utils:  mean nll is 2.916.
2025-08-08 10:56:46,737:     INFO - train_onlyFLow:  Epoch: 300
2025-08-08 10:56:47,114:     INFO - flowDet_mmdet.utils.training_utils:  mean nll is 2.917.
2025-08-08 10:56:47,115:     INFO - train_onlyFLow:  Epoch: 301
2025-08-08 10:56:47,500:     INFO - flowDet_mmdet.utils.training_utils:  mean nll is 2.917.
2025-08-08 10:56:47,500:     INFO - train_onlyFLow:  Epoch: 302
2025-08-08 10:56:47,881:     INFO - flowDet_mmdet.utils.training_utils:  mean nll is 2.917.
2025-08-08 10:56:47,882:     INFO - train_onlyFLow:  Epoch: 303
2025-08-08 10:56:48,261:     INFO - flowDet_mmdet.utils.training_utils:  mean nll is 2.915.
2025-08-08 10:56:48,261:     INFO - train_onlyFLow:  Epoch: 304
2025-08-08 10:56:48,705:     INFO - flowDet_mmdet.utils.training_utils:  mean nll is 2.917.
2025-08-08 10:56:48,706:     INFO - train_onlyFLow:  Epoch: 305
2025-08-08 10:56:49,088:     INFO - flowDet_mmdet.utils.training_utils:  mean nll is 2.916.
2025-08-08 10:56:49,089:     INFO - train_onlyFLow:  Epoch: 306
2025-08-08 10:56:49,477:     INFO - flowDet_mmdet.utils.training_utils:  mean nll is 2.915.
2025-08-08 10:56:49,477:     INFO - train_onlyFLow:  Epoch: 307
2025-08-08 10:56:49,861:     INFO - flowDet_mmdet.utils.training_utils:  mean nll is 2.915.
2025-08-08 10:56:49,861:     INFO - train_onlyFLow:  Epoch: 308
2025-08-08 10:56:50,248:     INFO - flowDet_mmdet.utils.training_utils:  mean nll is 2.914.
2025-08-08 10:56:50,249:     INFO - train_onlyFLow:  Epoch: 309
2025-08-08 10:56:50,627:     INFO - flowDet_mmdet.utils.training_utils:  mean nll is 2.914.
2025-08-08 10:56:50,627:     INFO - train_onlyFLow:  Epoch: 310
2025-08-08 10:56:51,008:     INFO - flowDet_mmdet.utils.training_utils:  mean nll is 2.916.
2025-08-08 10:56:51,009:     INFO - train_onlyFLow:  Epoch: 311
2025-08-08 10:56:51,385:     INFO - flowDet_mmdet.utils.training_utils:  mean nll is 2.917.
2025-08-08 10:56:51,386:     INFO - train_onlyFLow:  Epoch: 312
2025-08-08 10:56:51,759:     INFO - flowDet_mmdet.utils.training_utils:  mean nll is 2.916.
2025-08-08 10:56:51,759:     INFO - train_onlyFLow:  Epoch: 313
2025-08-08 10:56:52,139:     INFO - flowDet_mmdet.utils.training_utils:  mean nll is 2.917.
2025-08-08 10:56:52,139:     INFO - train_onlyFLow:  Epoch: 314
2025-08-08 10:56:52,521:     INFO - flowDet_mmdet.utils.training_utils:  mean nll is 2.915.
2025-08-08 10:56:52,522:     INFO - train_onlyFLow:  Epoch: 315
2025-08-08 10:56:52,906:     INFO - flowDet_mmdet.utils.training_utils:  mean nll is 2.915.
2025-08-08 10:56:52,907:     INFO - train_onlyFLow:  Epoch: 316
2025-08-08 10:56:53,290:     INFO - flowDet_mmdet.utils.training_utils:  mean nll is 2.917.
2025-08-08 10:56:53,290:     INFO - train_onlyFLow:  Epoch: 317
2025-08-08 10:56:53,670:     INFO - flowDet_mmdet.utils.training_utils:  mean nll is 2.918.
2025-08-08 10:56:53,670:     INFO - train_onlyFLow:  Epoch: 318
2025-08-08 10:56:54,044:     INFO - flowDet_mmdet.utils.training_utils:  mean nll is 2.917.
2025-08-08 10:56:54,045:     INFO - train_onlyFLow:  Epoch: 319
2025-08-08 10:56:54,428:     INFO - flowDet_mmdet.utils.training_utils:  mean nll is 2.917.
2025-08-08 10:56:54,428:     INFO - train_onlyFLow:  Epoch: 320
2025-08-08 10:56:54,816:     INFO - flowDet_mmdet.utils.training_utils:  mean nll is 2.922.
2025-08-08 10:56:54,816:     INFO - train_onlyFLow:  Epoch: 321
2025-08-08 10:56:55,199:     INFO - flowDet_mmdet.utils.training_utils:  mean nll is 2.942.
2025-08-08 10:56:55,200:     INFO - train_onlyFLow:  Epoch: 322
2025-08-08 10:56:55,584:     INFO - flowDet_mmdet.utils.training_utils:  mean nll is 3.138.
2025-08-08 10:56:55,585:     INFO - train_onlyFLow:  Epoch: 323
2025-08-08 10:56:55,966:     INFO - flowDet_mmdet.utils.training_utils:  mean nll is 3.426.
2025-08-08 10:56:55,967:     INFO - train_onlyFLow:  Epoch: 324
2025-08-08 10:56:56,349:     INFO - flowDet_mmdet.utils.training_utils:  mean nll is 3.050.
2025-08-08 10:56:56,350:     INFO - train_onlyFLow:  Epoch: 325
2025-08-08 10:56:56,725:     INFO - flowDet_mmdet.utils.training_utils:  mean nll is 3.011.
2025-08-08 10:56:56,725:     INFO - train_onlyFLow:  Epoch: 326
2025-08-08 10:56:57,103:     INFO - flowDet_mmdet.utils.training_utils:  mean nll is 2.982.
2025-08-08 10:56:57,103:     INFO - train_onlyFLow:  Epoch: 327
2025-08-08 10:56:57,487:     INFO - flowDet_mmdet.utils.training_utils:  mean nll is 2.968.
2025-08-08 10:56:57,487:     INFO - train_onlyFLow:  Epoch: 328
2025-08-08 10:56:57,869:     INFO - flowDet_mmdet.utils.training_utils:  mean nll is 2.960.
2025-08-08 10:56:57,870:     INFO - train_onlyFLow:  Epoch: 329
2025-08-08 10:56:58,256:     INFO - flowDet_mmdet.utils.training_utils:  mean nll is 2.955.
2025-08-08 10:56:58,256:     INFO - train_onlyFLow:  Epoch: 330
2025-08-08 10:56:58,633:     INFO - flowDet_mmdet.utils.training_utils:  mean nll is 2.951.
2025-08-08 10:56:58,633:     INFO - train_onlyFLow:  Epoch: 331
2025-08-08 10:56:59,012:     INFO - flowDet_mmdet.utils.training_utils:  mean nll is 2.948.
2025-08-08 10:56:59,013:     INFO - train_onlyFLow:  Epoch: 332
2025-08-08 10:56:59,395:     INFO - flowDet_mmdet.utils.training_utils:  mean nll is 2.944.
2025-08-08 10:56:59,396:     INFO - train_onlyFLow:  Epoch: 333
2025-08-08 10:56:59,777:     INFO - flowDet_mmdet.utils.training_utils:  mean nll is 2.941.
2025-08-08 10:56:59,777:     INFO - train_onlyFLow:  Epoch: 334
2025-08-08 10:57:00,156:     INFO - flowDet_mmdet.utils.training_utils:  mean nll is 2.939.
2025-08-08 10:57:00,157:     INFO - train_onlyFLow:  Epoch: 335
2025-08-08 10:57:00,536:     INFO - flowDet_mmdet.utils.training_utils:  mean nll is 2.935.
2025-08-08 10:57:00,536:     INFO - train_onlyFLow:  Epoch: 336
2025-08-08 10:57:00,920:     INFO - flowDet_mmdet.utils.training_utils:  mean nll is 2.932.
2025-08-08 10:57:00,921:     INFO - train_onlyFLow:  Epoch: 337
2025-08-08 10:57:01,304:     INFO - flowDet_mmdet.utils.training_utils:  mean nll is 2.930.
2025-08-08 10:57:01,304:     INFO - train_onlyFLow:  Epoch: 338
2025-08-08 10:57:01,690:     INFO - flowDet_mmdet.utils.training_utils:  mean nll is 2.928.
2025-08-08 10:57:01,690:     INFO - train_onlyFLow:  Epoch: 339
2025-08-08 10:57:02,127:     INFO - flowDet_mmdet.utils.training_utils:  mean nll is 2.927.
2025-08-08 10:57:02,127:     INFO - train_onlyFLow:  Epoch: 340
2025-08-08 10:57:02,508:     INFO - flowDet_mmdet.utils.training_utils:  mean nll is 2.926.
2025-08-08 10:57:02,509:     INFO - train_onlyFLow:  Epoch: 341
2025-08-08 10:57:02,894:     INFO - flowDet_mmdet.utils.training_utils:  mean nll is 2.924.
2025-08-08 10:57:02,894:     INFO - train_onlyFLow:  Epoch: 342
2025-08-08 10:57:03,279:     INFO - flowDet_mmdet.utils.training_utils:  mean nll is 2.923.
2025-08-08 10:57:03,279:     INFO - train_onlyFLow:  Epoch: 343
2025-08-08 10:57:03,659:     INFO - flowDet_mmdet.utils.training_utils:  mean nll is 2.921.
2025-08-08 10:57:03,660:     INFO - train_onlyFLow:  Epoch: 344
2025-08-08 10:57:04,039:     INFO - flowDet_mmdet.utils.training_utils:  mean nll is 2.921.
2025-08-08 10:57:04,039:     INFO - train_onlyFLow:  Epoch: 345
2025-08-08 10:57:04,428:     INFO - flowDet_mmdet.utils.training_utils:  mean nll is 2.918.
2025-08-08 10:57:04,429:     INFO - train_onlyFLow:  Epoch: 346
2025-08-08 10:57:04,808:     INFO - flowDet_mmdet.utils.training_utils:  mean nll is 2.919.
2025-08-08 10:57:04,809:     INFO - train_onlyFLow:  Epoch: 347
2025-08-08 10:57:05,189:     INFO - flowDet_mmdet.utils.training_utils:  mean nll is 2.918.
2025-08-08 10:57:05,189:     INFO - train_onlyFLow:  Epoch: 348
2025-08-08 10:57:05,570:     INFO - flowDet_mmdet.utils.training_utils:  mean nll is 2.915.
2025-08-08 10:57:05,570:     INFO - train_onlyFLow:  Epoch: 349
2025-08-08 10:57:05,948:     INFO - flowDet_mmdet.utils.training_utils:  mean nll is 2.915.
2025-08-08 10:57:05,948:     INFO - train_onlyFLow:  Epoch: 350
2025-08-08 10:57:06,323:     INFO - flowDet_mmdet.utils.training_utils:  mean nll is 2.916.
2025-08-08 10:57:06,324:     INFO - train_onlyFLow:  Epoch: 351
2025-08-08 10:57:06,708:     INFO - flowDet_mmdet.utils.training_utils:  mean nll is 2.914.
2025-08-08 10:57:06,708:     INFO - train_onlyFLow:  Epoch: 352
2025-08-08 10:57:07,091:     INFO - flowDet_mmdet.utils.training_utils:  mean nll is 2.915.
2025-08-08 10:57:07,092:     INFO - train_onlyFLow:  Epoch: 353
2025-08-08 10:57:07,480:     INFO - flowDet_mmdet.utils.training_utils:  mean nll is 2.916.
2025-08-08 10:57:07,481:     INFO - train_onlyFLow:  Epoch: 354
2025-08-08 10:57:07,851:     INFO - flowDet_mmdet.utils.training_utils:  mean nll is 2.914.
2025-08-08 10:57:07,852:     INFO - train_onlyFLow:  Epoch: 355
2025-08-08 10:57:08,238:     INFO - flowDet_mmdet.utils.training_utils:  mean nll is 2.914.
2025-08-08 10:57:08,239:     INFO - train_onlyFLow:  Epoch: 356
2025-08-08 10:57:08,616:     INFO - flowDet_mmdet.utils.training_utils:  mean nll is 2.913.
2025-08-08 10:57:08,616:     INFO - train_onlyFLow:  Epoch: 357
2025-08-08 10:57:09,005:     INFO - flowDet_mmdet.utils.training_utils:  mean nll is 2.915.
2025-08-08 10:57:09,006:     INFO - train_onlyFLow:  Epoch: 358
2025-08-08 10:57:09,387:     INFO - flowDet_mmdet.utils.training_utils:  mean nll is 2.916.
2025-08-08 10:57:09,388:     INFO - train_onlyFLow:  Epoch: 359
2025-08-08 10:57:09,768:     INFO - flowDet_mmdet.utils.training_utils:  mean nll is 2.914.
2025-08-08 10:57:09,768:     INFO - train_onlyFLow:  Epoch: 360
2025-08-08 10:57:10,143:     INFO - flowDet_mmdet.utils.training_utils:  mean nll is 2.915.
2025-08-08 10:57:10,144:     INFO - train_onlyFLow:  Epoch: 361
2025-08-08 10:57:10,523:     INFO - flowDet_mmdet.utils.training_utils:  mean nll is 2.914.
2025-08-08 10:57:10,523:     INFO - train_onlyFLow:  Epoch: 362
2025-08-08 10:57:10,910:     INFO - flowDet_mmdet.utils.training_utils:  mean nll is 2.914.
2025-08-08 10:57:10,910:     INFO - train_onlyFLow:  Epoch: 363
2025-08-08 10:57:11,289:     INFO - flowDet_mmdet.utils.training_utils:  mean nll is 2.913.
2025-08-08 10:57:11,289:     INFO - train_onlyFLow:  Epoch: 364
2025-08-08 10:57:11,670:     INFO - flowDet_mmdet.utils.training_utils:  mean nll is 2.914.
2025-08-08 10:57:11,671:     INFO - train_onlyFLow:  Epoch: 365
2025-08-08 10:57:12,051:     INFO - flowDet_mmdet.utils.training_utils:  mean nll is 2.913.
2025-08-08 10:57:12,051:     INFO - train_onlyFLow:  Epoch: 366
2025-08-08 10:57:12,427:     INFO - flowDet_mmdet.utils.training_utils:  mean nll is 2.912.
2025-08-08 10:57:12,428:     INFO - train_onlyFLow:  Epoch: 367
2025-08-08 10:57:12,815:     INFO - flowDet_mmdet.utils.training_utils:  mean nll is 2.912.
2025-08-08 10:57:12,816:     INFO - train_onlyFLow:  Epoch: 368
2025-08-08 10:57:13,201:     INFO - flowDet_mmdet.utils.training_utils:  mean nll is 2.913.
2025-08-08 10:57:13,202:     INFO - train_onlyFLow:  Epoch: 369
2025-08-08 10:57:13,589:     INFO - flowDet_mmdet.utils.training_utils:  mean nll is 2.912.
2025-08-08 10:57:13,590:     INFO - train_onlyFLow:  Epoch: 370
2025-08-08 10:57:13,971:     INFO - flowDet_mmdet.utils.training_utils:  mean nll is 2.911.
2025-08-08 10:57:13,972:     INFO - train_onlyFLow:  Epoch: 371
2025-08-08 10:57:14,351:     INFO - flowDet_mmdet.utils.training_utils:  mean nll is 2.912.
2025-08-08 10:57:14,352:     INFO - train_onlyFLow:  Epoch: 372
2025-08-08 10:57:14,726:     INFO - flowDet_mmdet.utils.training_utils:  mean nll is 2.913.
2025-08-08 10:57:14,727:     INFO - train_onlyFLow:  Epoch: 373
2025-08-08 10:57:15,102:     INFO - flowDet_mmdet.utils.training_utils:  mean nll is 2.910.
2025-08-08 10:57:15,103:     INFO - train_onlyFLow:  Epoch: 374
2025-08-08 10:57:15,485:     INFO - flowDet_mmdet.utils.training_utils:  mean nll is 2.912.
2025-08-08 10:57:15,485:     INFO - train_onlyFLow:  Epoch: 375
2025-08-08 10:57:15,865:     INFO - flowDet_mmdet.utils.training_utils:  mean nll is 2.912.
2025-08-08 10:57:15,865:     INFO - train_onlyFLow:  Epoch: 376
2025-08-08 10:57:16,242:     INFO - flowDet_mmdet.utils.training_utils:  mean nll is 2.911.
2025-08-08 10:57:16,243:     INFO - train_onlyFLow:  Epoch: 377
2025-08-08 10:57:16,621:     INFO - flowDet_mmdet.utils.training_utils:  mean nll is 2.912.
2025-08-08 10:57:16,622:     INFO - train_onlyFLow:  Epoch: 378
2025-08-08 10:57:17,004:     INFO - flowDet_mmdet.utils.training_utils:  mean nll is 2.910.
2025-08-08 10:57:17,005:     INFO - train_onlyFLow:  Epoch: 379
2025-08-08 10:57:17,384:     INFO - flowDet_mmdet.utils.training_utils:  mean nll is 2.911.
2025-08-08 10:57:17,385:     INFO - train_onlyFLow:  Epoch: 380
2025-08-08 10:57:17,755:     INFO - flowDet_mmdet.utils.training_utils:  mean nll is 2.911.
2025-08-08 10:57:17,756:     INFO - train_onlyFLow:  Epoch: 381
2025-08-08 10:57:18,217:     INFO - flowDet_mmdet.utils.training_utils:  mean nll is 2.910.
2025-08-08 10:57:18,218:     INFO - train_onlyFLow:  Epoch: 382
2025-08-08 10:57:18,598:     INFO - flowDet_mmdet.utils.training_utils:  mean nll is 2.912.
2025-08-08 10:57:18,598:     INFO - train_onlyFLow:  Epoch: 383
2025-08-08 10:57:18,974:     INFO - flowDet_mmdet.utils.training_utils:  mean nll is 2.910.
2025-08-08 10:57:18,974:     INFO - train_onlyFLow:  Epoch: 384
2025-08-08 10:57:19,346:     INFO - flowDet_mmdet.utils.training_utils:  mean nll is 2.912.
2025-08-08 10:57:19,347:     INFO - train_onlyFLow:  Epoch: 385
2025-08-08 10:57:19,721:     INFO - flowDet_mmdet.utils.training_utils:  mean nll is 2.910.
2025-08-08 10:57:19,722:     INFO - train_onlyFLow:  Epoch: 386
2025-08-08 10:57:20,100:     INFO - flowDet_mmdet.utils.training_utils:  mean nll is 2.910.
2025-08-08 10:57:20,100:     INFO - train_onlyFLow:  Epoch: 387
2025-08-08 10:57:20,483:     INFO - flowDet_mmdet.utils.training_utils:  mean nll is 2.912.
2025-08-08 10:57:20,484:     INFO - train_onlyFLow:  Epoch: 388
2025-08-08 10:57:20,862:     INFO - flowDet_mmdet.utils.training_utils:  mean nll is 2.910.
2025-08-08 10:57:20,863:     INFO - train_onlyFLow:  Epoch: 389
2025-08-08 10:57:21,244:     INFO - flowDet_mmdet.utils.training_utils:  mean nll is 2.912.
2025-08-08 10:57:21,244:     INFO - train_onlyFLow:  Epoch: 390
2025-08-08 10:57:21,627:     INFO - flowDet_mmdet.utils.training_utils:  mean nll is 2.910.
2025-08-08 10:57:21,627:     INFO - train_onlyFLow:  Epoch: 391
2025-08-08 10:57:22,005:     INFO - flowDet_mmdet.utils.training_utils:  mean nll is 2.910.
2025-08-08 10:57:22,005:     INFO - train_onlyFLow:  Epoch: 392
2025-08-08 10:57:22,380:     INFO - flowDet_mmdet.utils.training_utils:  mean nll is 2.909.
2025-08-08 10:57:22,380:     INFO - train_onlyFLow:  Epoch: 393
2025-08-08 10:57:22,760:     INFO - flowDet_mmdet.utils.training_utils:  mean nll is 2.910.
2025-08-08 10:57:22,761:     INFO - train_onlyFLow:  Epoch: 394
2025-08-08 10:57:23,138:     INFO - flowDet_mmdet.utils.training_utils:  mean nll is 2.908.
2025-08-08 10:57:23,139:     INFO - train_onlyFLow:  Epoch: 395
2025-08-08 10:57:23,510:     INFO - flowDet_mmdet.utils.training_utils:  mean nll is 2.909.
2025-08-08 10:57:23,511:     INFO - train_onlyFLow:  Epoch: 396
2025-08-08 10:57:23,894:     INFO - flowDet_mmdet.utils.training_utils:  mean nll is 2.910.
2025-08-08 10:57:23,894:     INFO - train_onlyFLow:  Epoch: 397
2025-08-08 10:57:24,276:     INFO - flowDet_mmdet.utils.training_utils:  mean nll is 2.909.
2025-08-08 10:57:24,276:     INFO - train_onlyFLow:  Epoch: 398
2025-08-08 10:57:24,652:     INFO - flowDet_mmdet.utils.training_utils:  mean nll is 2.910.
2025-08-08 10:57:24,653:     INFO - train_onlyFLow:  Epoch: 399
2025-08-08 10:57:25,031:     INFO - flowDet_mmdet.utils.training_utils:  mean nll is 2.910.
Saving model to /home/chen_le/TMNF/data/trained_weights/YOLOv8/XMLDataset/rnvp/FlowDet_Voc_clsLogits_lru1_yolo/resampled_cls_ib/fixed_prior/beta30.0_sig0.5_T100_eps0.05_3*128_Ini0True_dp0.1_affine_exp_16*[4*64]_Adam_0.0001_bs1024_max400_gnormNone_rnd3/saved_model...
2025-08-08 10:57:25,057:     INFO - train_onlyFLow:  Evaluation on Test set after training:
2025-08-08 10:57:25,057:     INFO - train_onlyFLow:  ##### On Test Set: #####
2025-08-08 10:57:25,058:     INFO - flowDet_mmdet.utils.functional_utils:  Estimating Z...

/home/chen_le/miniforge3/envs/tmnf_mmdet/lib/python3.7/site-packages/numpy/core/fromnumeric.py:3441: RuntimeWarning: Mean of empty slice.
  out=out, **kwargs)
/home/chen_le/miniforge3/envs/tmnf_mmdet/lib/python3.7/site-packages/numpy/core/_methods.py:189: RuntimeWarning: invalid value encountered in true_divide
  ret = ret.dtype.type(ret / rcount)
0it [00:00, ?it/s]1it [00:00, 14.10it/s]2025-08-08 10:57:33,539:     INFO - flowDet_mmdet.utils.functional_utils:  tpKnown_nll after filtering out 0 Nans: 5.388
2025-08-08 10:57:33,540:     INFO - flowDet_mmdet.utils.functional_utils:  fpUnknown_nll after filtering out 0 Nans: nan
Warning: No OOD-class detections (outData is empty). OOD samples perfectly filtered.
2025-08-08 10:57:33,541:     INFO - flowDet_mmdet.utils.gmmDet_utils:  Results for Method: rnvp_resampled_cls_ib
2025-08-08 10:57:33,541:     INFO - flowDet_mmdet.utils.gmmDet_utils:  ------ AUPR: 1.0
2025-08-08 10:57:33,541:     INFO - flowDet_mmdet.utils.gmmDet_utils:  ------ AUROC: 1.0
2025-08-08 10:57:33,541:     INFO - flowDet_mmdet.utils.gmmDet_utils:  ------ TPR at 0.0FPR: 0.0
2025-08-08 10:57:33,541:     INFO - flowDet_mmdet.utils.gmmDet_utils:  ------ TPR at 0.0FPR: 0.0
2025-08-08 10:57:33,541:     INFO - flowDet_mmdet.utils.gmmDet_utils:  ------ TPR at 0.0FPR: 0.0

/home/chen_le/miniforge3/envs/tmnf_mmdet/lib/python3.7/site-packages/numpy/core/fromnumeric.py:3441: RuntimeWarning: Mean of empty slice.
  out=out, **kwargs)
/home/chen_le/miniforge3/envs/tmnf_mmdet/lib/python3.7/site-packages/numpy/core/_methods.py:189: RuntimeWarning: invalid value encountered in true_divide
  ret = ret.dtype.type(ret / rcount)
/home/chen_le/miniforge3/envs/tmnf_mmdet/lib/python3.7/site-packages/matplotlib/axes/_axes.py:6649: RuntimeWarning: invalid value encountered in true_divide
  tops = (tops / np.diff(bins)) / tops[-1].sum()
/home/chen_le/miniforge3/envs/tmnf_mmdet/lib/python3.7/site-packages/numpy/core/fromnumeric.py:3441: RuntimeWarning: Mean of empty slice.
  out=out, **kwargs)
/home/chen_le/miniforge3/envs/tmnf_mmdet/lib/python3.7/site-packages/numpy/core/_methods.py:189: RuntimeWarning: invalid value encountered in true_divide
  ret = ret.dtype.type(ret / rcount)

In directory:/home/chen_le/TMNF/examples/flowDet
Training and testing NF  for rnvp_logits_rbf_cls_ib ...
Matplotlib created a temporary config/cache directory at /tmp/matplotlib-xx7aoicz because the default path (/run/user/163992/.cache/matplotlib) is not a writable directory; it is highly recommended to set the MPLCONFIGDIR environment variable to a writable directory, in particular to speed up the import of Matplotlib and to better support multiprocessing.
Host: rmc-gpu03
Conda: /home/chen_le/miniforge3/condabin/conda
/home/chen_le/TMNF/examples/flowDet
sh: VERSION: command not found
Version:
Warning: Dependencies for Boltzmann generators could not be loaded. Other models can still be used.
Warning: Dependencies for Boltzmann generators could not be loaded. Other models can still be used.
FLOWDET_CONFIG_ROOT: /home/chen_le/TMNF/configs
Loading config file: /home/chen_le/TMNF/configs/flowDet/train/onlyFlow_voc/oF_frcnn_voc_rnvp_logits_rbf_cls_ib_lru1_drone_yolo.py
adding logging file /home/chen_le/TMNF/data/trained_weights/YOLOv8/XMLDataset/rnvp/FlowDet_Voc_clsLogits_lru1_drone_yolo/resampled_cls_ib/fixed_prior/beta30.0_sig0.5_T100_eps0.05_3*128_Ini0True_dp0.1_affine_exp_16*[4*64]_Adam_0.0001_bs1024_max400_gnormNone_rnd3/20250808_105739.log
adding logging file /home/chen_le/TMNF/data/trained_weights/YOLOv8/XMLDataset/rnvp/FlowDet_Voc_clsLogits_lru1_drone_yolo/resampled_cls_ib/fixed_prior/beta30.0_sig0.5_T100_eps0.05_3*128_Ini0True_dp0.1_affine_exp_16*[4*64]_Adam_0.0001_bs1024_max400_gnormNone_rnd3/20250808_105739.log
2025-08-08 10:57:39,339:     INFO - flowDet_mmdet.utils.functional_utils:  data_type: eval
2025-08-08 10:57:39,372:     INFO - flowDet_mmdet.utils.functional_utils:  testTypes: (579,)
2025-08-08 10:57:39,372:     INFO - flowDet_mmdet.utils.functional_utils:  testLogits: (579, 2)
2025-08-08 10:57:39,372:     INFO - flowDet_mmdet.utils.functional_utils:  testFeats: (0,)
2025-08-08 10:57:39,373:     INFO - train_onlyFLow:  test #type 0: 553
2025-08-08 10:57:39,373:     INFO - train_onlyFLow:  test #type 1: 0
2025-08-08 10:57:39,373:     INFO - train_onlyFLow:  test #type 2: 0
2025-08-08 10:57:39,373:     INFO - flowDet_mmdet.utils.functional_utils:  data_type: eval
2025-08-08 10:57:39,377:     INFO - flowDet_mmdet.utils.functional_utils:  testTypes: (552,)
2025-08-08 10:57:39,377:     INFO - flowDet_mmdet.utils.functional_utils:  testLogits: (552, 2)
2025-08-08 10:57:39,377:     INFO - flowDet_mmdet.utils.functional_utils:  testFeats: (0,)
2025-08-08 10:57:39,377:     INFO - train_onlyFLow:  val #type 0: 538
2025-08-08 10:57:39,378:     INFO - train_onlyFLow:  val #type 1: 0
2025-08-08 10:57:39,378:     INFO - train_onlyFLow:  val #type 2: 0
2025-08-08 10:57:39,378:     INFO - flowDet_mmdet.utils.functional_utils:  data_type: train
2025-08-08 10:57:39,392:     INFO - flowDet_mmdet.utils.functional_utils:  trainLogits: (1607, 2)
2025-08-08 10:57:39,392:     INFO - flowDet_mmdet.utils.functional_utils:  trainLabels: (1607,)
hyper-params: beta30.0_sig0.5_T100_eps0.05_3*128_Ini0True_dp0.1_affine_exp_16*[4*64]_Adam_0.0001_bs1024_max400_gnormNone
2025-08-08 10:57:41,589:     INFO - train_onlyFLow:  Epoch: 0
2025-08-08 10:57:41,589:     INFO - train_onlyFLow:  ##### On Val Set: #####
/home/chen_le/miniforge3/envs/tmnf_mmdet/lib/python3.7/site-packages/torch/optim/adam.py:48: UserWarning: optimizer contains a parameter group with duplicate parameters; in future, this will cause an error; see github.com/pytorch/pytorch/issues/40967 for more information
  super(Adam, self).__init__(params, defaults)
0it [00:00, ?it/s]1it [00:00, 50.22it/s]2025-08-08 10:57:41,611:     INFO - flowDet_mmdet.utils.functional_utils:  tpKnown_nll after filtering out 0 Nans: 4.275
2025-08-08 10:57:41,612:     INFO - flowDet_mmdet.utils.functional_utils:  fpUnknown_nll after filtering out 0 Nans: nan
adding logging file /home/chen_le/TMNF/data/trained_weights/YOLOv8/XMLDataset/rnvp/FlowDet_Voc_clsLogits_lru1_drone_yolo/resampled_cls_ib/fixed_prior/beta30.0_sig0.5_T100_eps0.05_3*128_Ini0True_dp0.1_affine_exp_16*[4*64]_Adam_0.0001_bs1024_max400_gnormNone_rnd3/20250808_105739.log
Warning: No OOD-class detections (outData is empty). OOD samples perfectly filtered.
2025-08-08 10:57:41,614:     INFO - flowDet_mmdet.utils.gmmDet_utils:  Results for Method: rnvp_resampled_cls_ib
2025-08-08 10:57:41,614:     INFO - flowDet_mmdet.utils.gmmDet_utils:  ------ AUPR: 1.0
2025-08-08 10:57:41,614:     INFO - flowDet_mmdet.utils.gmmDet_utils:  ------ AUROC: 1.0
2025-08-08 10:57:41,614:     INFO - flowDet_mmdet.utils.gmmDet_utils:  ------ TPR at 0.0FPR: 0.0
2025-08-08 10:57:41,614:     INFO - flowDet_mmdet.utils.gmmDet_utils:  ------ TPR at 0.0FPR: 0.0
2025-08-08 10:57:41,614:     INFO - flowDet_mmdet.utils.gmmDet_utils:  ------ TPR at 0.0FPR: 0.0
2025-08-08 10:57:41,614:     INFO - train_onlyFLow:  Because early_stop_iter is 0, we train the model with epochs 400.
adding logging file /home/chen_le/TMNF/data/trained_weights/YOLOv8/XMLDataset/rnvp/FlowDet_Voc_clsLogits_lru1_drone_yolo/resampled_cls_ib/fixed_prior/beta30.0_sig0.5_T100_eps0.05_3*128_Ini0True_dp0.1_affine_exp_16*[4*64]_Adam_0.0001_bs1024_max400_gnormNone_rnd3/20250808_105739.log
2025-08-08 10:57:41,982:     INFO - flowDet_mmdet.utils.training_utils:  mean nll is 3.843.
2025-08-08 10:57:41,982:     INFO - train_onlyFLow:  Epoch: 1
2025-08-08 10:57:42,363:     INFO - flowDet_mmdet.utils.training_utils:  mean nll is 3.658.
2025-08-08 10:57:42,363:     INFO - train_onlyFLow:  Epoch: 2
2025-08-08 10:57:42,746:     INFO - flowDet_mmdet.utils.training_utils:  mean nll is 3.503.
2025-08-08 10:57:42,746:     INFO - train_onlyFLow:  Epoch: 3
2025-08-08 10:57:43,132:     INFO - flowDet_mmdet.utils.training_utils:  mean nll is 3.294.
2025-08-08 10:57:43,133:     INFO - train_onlyFLow:  Epoch: 4
2025-08-08 10:57:43,512:     INFO - flowDet_mmdet.utils.training_utils:  mean nll is 3.104.
2025-08-08 10:57:43,512:     INFO - train_onlyFLow:  Epoch: 5
2025-08-08 10:57:43,886:     INFO - flowDet_mmdet.utils.training_utils:  mean nll is 2.937.
2025-08-08 10:57:43,887:     INFO - train_onlyFLow:  Epoch: 6
2025-08-08 10:57:44,263:     INFO - flowDet_mmdet.utils.training_utils:  mean nll is 2.807.
2025-08-08 10:57:44,264:     INFO - train_onlyFLow:  Epoch: 7
2025-08-08 10:57:44,644:     INFO - flowDet_mmdet.utils.training_utils:  mean nll is 2.739.
2025-08-08 10:57:44,645:     INFO - train_onlyFLow:  Epoch: 8
2025-08-08 10:57:45,020:     INFO - flowDet_mmdet.utils.training_utils:  mean nll is 2.697.
2025-08-08 10:57:45,021:     INFO - train_onlyFLow:  Epoch: 9
2025-08-08 10:57:45,402:     INFO - flowDet_mmdet.utils.training_utils:  mean nll is 2.669.
2025-08-08 10:57:45,403:     INFO - train_onlyFLow:  Epoch: 10
2025-08-08 10:57:45,844:     INFO - flowDet_mmdet.utils.training_utils:  mean nll is 2.646.
2025-08-08 10:57:45,845:     INFO - train_onlyFLow:  Epoch: 11
2025-08-08 10:57:46,220:     INFO - flowDet_mmdet.utils.training_utils:  mean nll is 2.621.
2025-08-08 10:57:46,220:     INFO - train_onlyFLow:  Epoch: 12
2025-08-08 10:57:46,588:     INFO - flowDet_mmdet.utils.training_utils:  mean nll is 2.589.
2025-08-08 10:57:46,589:     INFO - train_onlyFLow:  Epoch: 13
2025-08-08 10:57:46,966:     INFO - flowDet_mmdet.utils.training_utils:  mean nll is 2.546.
2025-08-08 10:57:46,966:     INFO - train_onlyFLow:  Epoch: 14
2025-08-08 10:57:47,339:     INFO - flowDet_mmdet.utils.training_utils:  mean nll is 2.503.
2025-08-08 10:57:47,340:     INFO - train_onlyFLow:  Epoch: 15
2025-08-08 10:57:47,711:     INFO - flowDet_mmdet.utils.training_utils:  mean nll is 2.452.
2025-08-08 10:57:47,711:     INFO - train_onlyFLow:  Epoch: 16
2025-08-08 10:57:48,087:     INFO - flowDet_mmdet.utils.training_utils:  mean nll is 2.404.
2025-08-08 10:57:48,087:     INFO - train_onlyFLow:  Epoch: 17
2025-08-08 10:57:48,471:     INFO - flowDet_mmdet.utils.training_utils:  mean nll is 2.357.
2025-08-08 10:57:48,471:     INFO - train_onlyFLow:  Epoch: 18
2025-08-08 10:57:48,845:     INFO - flowDet_mmdet.utils.training_utils:  mean nll is 2.314.
2025-08-08 10:57:48,845:     INFO - train_onlyFLow:  Epoch: 19
2025-08-08 10:57:49,223:     INFO - flowDet_mmdet.utils.training_utils:  mean nll is 2.274.
2025-08-08 10:57:49,223:     INFO - train_onlyFLow:  Epoch: 20
2025-08-08 10:57:49,593:     INFO - flowDet_mmdet.utils.training_utils:  mean nll is 2.238.
2025-08-08 10:57:49,593:     INFO - train_onlyFLow:  Epoch: 21
2025-08-08 10:57:49,976:     INFO - flowDet_mmdet.utils.training_utils:  mean nll is 2.206.
2025-08-08 10:57:49,976:     INFO - train_onlyFLow:  Epoch: 22
2025-08-08 10:57:50,357:     INFO - flowDet_mmdet.utils.training_utils:  mean nll is 2.180.
2025-08-08 10:57:50,357:     INFO - train_onlyFLow:  Epoch: 23
2025-08-08 10:57:50,741:     INFO - flowDet_mmdet.utils.training_utils:  mean nll is 2.155.
2025-08-08 10:57:50,742:     INFO - train_onlyFLow:  Epoch: 24
2025-08-08 10:57:51,120:     INFO - flowDet_mmdet.utils.training_utils:  mean nll is 2.134.
2025-08-08 10:57:51,121:     INFO - train_onlyFLow:  Epoch: 25
2025-08-08 10:57:51,493:     INFO - flowDet_mmdet.utils.training_utils:  mean nll is 2.118.
2025-08-08 10:57:51,494:     INFO - train_onlyFLow:  Epoch: 26
2025-08-08 10:57:51,869:     INFO - flowDet_mmdet.utils.training_utils:  mean nll is 2.103.
2025-08-08 10:57:51,869:     INFO - train_onlyFLow:  Epoch: 27
2025-08-08 10:57:52,243:     INFO - flowDet_mmdet.utils.training_utils:  mean nll is 2.096.
2025-08-08 10:57:52,243:     INFO - train_onlyFLow:  Epoch: 28
2025-08-08 10:57:52,620:     INFO - flowDet_mmdet.utils.training_utils:  mean nll is 2.083.
2025-08-08 10:57:52,620:     INFO - train_onlyFLow:  Epoch: 29
2025-08-08 10:57:52,999:     INFO - flowDet_mmdet.utils.training_utils:  mean nll is 2.078.
2025-08-08 10:57:53,000:     INFO - train_onlyFLow:  Epoch: 30
2025-08-08 10:57:53,373:     INFO - flowDet_mmdet.utils.training_utils:  mean nll is 2.061.
2025-08-08 10:57:53,373:     INFO - train_onlyFLow:  Epoch: 31
2025-08-08 10:57:53,747:     INFO - flowDet_mmdet.utils.training_utils:  mean nll is 2.056.
2025-08-08 10:57:53,747:     INFO - train_onlyFLow:  Epoch: 32
2025-08-08 10:57:54,125:     INFO - flowDet_mmdet.utils.training_utils:  mean nll is 2.050.
2025-08-08 10:57:54,125:     INFO - train_onlyFLow:  Epoch: 33
2025-08-08 10:57:54,497:     INFO - flowDet_mmdet.utils.training_utils:  mean nll is 2.043.
2025-08-08 10:57:54,497:     INFO - train_onlyFLow:  Epoch: 34
2025-08-08 10:57:54,878:     INFO - flowDet_mmdet.utils.training_utils:  mean nll is 2.042.
2025-08-08 10:57:54,878:     INFO - train_onlyFLow:  Epoch: 35
2025-08-08 10:57:55,250:     INFO - flowDet_mmdet.utils.training_utils:  mean nll is 2.033.
2025-08-08 10:57:55,251:     INFO - train_onlyFLow:  Epoch: 36
2025-08-08 10:57:55,632:     INFO - flowDet_mmdet.utils.training_utils:  mean nll is 2.031.
2025-08-08 10:57:55,632:     INFO - train_onlyFLow:  Epoch: 37
2025-08-08 10:57:56,003:     INFO - flowDet_mmdet.utils.training_utils:  mean nll is 2.025.
2025-08-08 10:57:56,003:     INFO - train_onlyFLow:  Epoch: 38
2025-08-08 10:57:56,382:     INFO - flowDet_mmdet.utils.training_utils:  mean nll is 2.024.
2025-08-08 10:57:56,383:     INFO - train_onlyFLow:  Epoch: 39
2025-08-08 10:57:56,763:     INFO - flowDet_mmdet.utils.training_utils:  mean nll is 2.022.
2025-08-08 10:57:56,764:     INFO - train_onlyFLow:  Epoch: 40
2025-08-08 10:57:57,142:     INFO - flowDet_mmdet.utils.training_utils:  mean nll is 2.017.
2025-08-08 10:57:57,142:     INFO - train_onlyFLow:  Epoch: 41
2025-08-08 10:57:57,521:     INFO - flowDet_mmdet.utils.training_utils:  mean nll is 2.020.
2025-08-08 10:57:57,521:     INFO - train_onlyFLow:  Epoch: 42
2025-08-08 10:57:57,897:     INFO - flowDet_mmdet.utils.training_utils:  mean nll is 2.013.
2025-08-08 10:57:57,897:     INFO - train_onlyFLow:  Epoch: 43
2025-08-08 10:57:58,270:     INFO - flowDet_mmdet.utils.training_utils:  mean nll is 2.012.
2025-08-08 10:57:58,270:     INFO - train_onlyFLow:  Epoch: 44
2025-08-08 10:57:58,650:     INFO - flowDet_mmdet.utils.training_utils:  mean nll is 2.005.
2025-08-08 10:57:58,651:     INFO - train_onlyFLow:  Epoch: 45
2025-08-08 10:57:59,025:     INFO - flowDet_mmdet.utils.training_utils:  mean nll is 2.005.
2025-08-08 10:57:59,025:     INFO - train_onlyFLow:  Epoch: 46
2025-08-08 10:57:59,401:     INFO - flowDet_mmdet.utils.training_utils:  mean nll is 2.005.
2025-08-08 10:57:59,401:     INFO - train_onlyFLow:  Epoch: 47
2025-08-08 10:57:59,779:     INFO - flowDet_mmdet.utils.training_utils:  mean nll is 2.003.
2025-08-08 10:57:59,779:     INFO - train_onlyFLow:  Epoch: 48
2025-08-08 10:58:00,156:     INFO - flowDet_mmdet.utils.training_utils:  mean nll is 2.002.
2025-08-08 10:58:00,156:     INFO - train_onlyFLow:  Epoch: 49
2025-08-08 10:58:00,529:     INFO - flowDet_mmdet.utils.training_utils:  mean nll is 1.996.
2025-08-08 10:58:00,529:     INFO - train_onlyFLow:  Epoch: 50
2025-08-08 10:58:00,902:     INFO - flowDet_mmdet.utils.training_utils:  mean nll is 1.995.
2025-08-08 10:58:00,903:     INFO - train_onlyFLow:  Epoch: 51
2025-08-08 10:58:01,277:     INFO - flowDet_mmdet.utils.training_utils:  mean nll is 1.992.
2025-08-08 10:58:01,278:     INFO - train_onlyFLow:  Epoch: 52
2025-08-08 10:58:01,653:     INFO - flowDet_mmdet.utils.training_utils:  mean nll is 1.992.
2025-08-08 10:58:01,653:     INFO - train_onlyFLow:  Epoch: 53
2025-08-08 10:58:02,026:     INFO - flowDet_mmdet.utils.training_utils:  mean nll is 1.990.
2025-08-08 10:58:02,027:     INFO - train_onlyFLow:  Epoch: 54
2025-08-08 10:58:02,401:     INFO - flowDet_mmdet.utils.training_utils:  mean nll is 1.988.
2025-08-08 10:58:02,401:     INFO - train_onlyFLow:  Epoch: 55
2025-08-08 10:58:02,772:     INFO - flowDet_mmdet.utils.training_utils:  mean nll is 1.989.
2025-08-08 10:58:02,772:     INFO - train_onlyFLow:  Epoch: 56
2025-08-08 10:58:03,150:     INFO - flowDet_mmdet.utils.training_utils:  mean nll is 1.993.
2025-08-08 10:58:03,150:     INFO - train_onlyFLow:  Epoch: 57
2025-08-08 10:58:03,529:     INFO - flowDet_mmdet.utils.training_utils:  mean nll is 1.990.
2025-08-08 10:58:03,530:     INFO - train_onlyFLow:  Epoch: 58
2025-08-08 10:58:03,899:     INFO - flowDet_mmdet.utils.training_utils:  mean nll is 1.987.
2025-08-08 10:58:03,899:     INFO - train_onlyFLow:  Epoch: 59
2025-08-08 10:58:04,280:     INFO - flowDet_mmdet.utils.training_utils:  mean nll is 1.984.
2025-08-08 10:58:04,280:     INFO - train_onlyFLow:  Epoch: 60
2025-08-08 10:58:04,663:     INFO - flowDet_mmdet.utils.training_utils:  mean nll is 1.982.
2025-08-08 10:58:04,663:     INFO - train_onlyFLow:  Epoch: 61
2025-08-08 10:58:05,038:     INFO - flowDet_mmdet.utils.training_utils:  mean nll is 1.981.
2025-08-08 10:58:05,039:     INFO - train_onlyFLow:  Epoch: 62
2025-08-08 10:58:05,413:     INFO - flowDet_mmdet.utils.training_utils:  mean nll is 1.981.
2025-08-08 10:58:05,413:     INFO - train_onlyFLow:  Epoch: 63
2025-08-08 10:58:05,791:     INFO - flowDet_mmdet.utils.training_utils:  mean nll is 1.978.
2025-08-08 10:58:05,791:     INFO - train_onlyFLow:  Epoch: 64
2025-08-08 10:58:06,180:     INFO - flowDet_mmdet.utils.training_utils:  mean nll is 1.976.
2025-08-08 10:58:06,181:     INFO - train_onlyFLow:  Epoch: 65
2025-08-08 10:58:06,564:     INFO - flowDet_mmdet.utils.training_utils:  mean nll is 1.976.
2025-08-08 10:58:06,564:     INFO - train_onlyFLow:  Epoch: 66
2025-08-08 10:58:06,939:     INFO - flowDet_mmdet.utils.training_utils:  mean nll is 1.972.
2025-08-08 10:58:06,939:     INFO - train_onlyFLow:  Epoch: 67
2025-08-08 10:58:07,313:     INFO - flowDet_mmdet.utils.training_utils:  mean nll is 1.974.
2025-08-08 10:58:07,313:     INFO - train_onlyFLow:  Epoch: 68
2025-08-08 10:58:07,696:     INFO - flowDet_mmdet.utils.training_utils:  mean nll is 1.972.
2025-08-08 10:58:07,697:     INFO - train_onlyFLow:  Epoch: 69
2025-08-08 10:58:08,074:     INFO - flowDet_mmdet.utils.training_utils:  mean nll is 1.977.
2025-08-08 10:58:08,074:     INFO - train_onlyFLow:  Epoch: 70
2025-08-08 10:58:08,458:     INFO - flowDet_mmdet.utils.training_utils:  mean nll is 1.975.
2025-08-08 10:58:08,458:     INFO - train_onlyFLow:  Epoch: 71
2025-08-08 10:58:08,836:     INFO - flowDet_mmdet.utils.training_utils:  mean nll is 1.977.
2025-08-08 10:58:08,836:     INFO - train_onlyFLow:  Epoch: 72
2025-08-08 10:58:09,213:     INFO - flowDet_mmdet.utils.training_utils:  mean nll is 1.969.
2025-08-08 10:58:09,213:     INFO - train_onlyFLow:  Epoch: 73
2025-08-08 10:58:09,590:     INFO - flowDet_mmdet.utils.training_utils:  mean nll is 1.968.
2025-08-08 10:58:09,590:     INFO - train_onlyFLow:  Epoch: 74
2025-08-08 10:58:09,975:     INFO - flowDet_mmdet.utils.training_utils:  mean nll is 1.971.
2025-08-08 10:58:09,976:     INFO - train_onlyFLow:  Epoch: 75
2025-08-08 10:58:10,362:     INFO - flowDet_mmdet.utils.training_utils:  mean nll is 1.966.
2025-08-08 10:58:10,362:     INFO - train_onlyFLow:  Epoch: 76
2025-08-08 10:58:10,736:     INFO - flowDet_mmdet.utils.training_utils:  mean nll is 1.980.
2025-08-08 10:58:10,737:     INFO - train_onlyFLow:  Epoch: 77
2025-08-08 10:58:11,109:     INFO - flowDet_mmdet.utils.training_utils:  mean nll is 1.963.
2025-08-08 10:58:11,109:     INFO - train_onlyFLow:  Epoch: 78
2025-08-08 10:58:11,486:     INFO - flowDet_mmdet.utils.training_utils:  mean nll is 1.967.
2025-08-08 10:58:11,486:     INFO - train_onlyFLow:  Epoch: 79
2025-08-08 10:58:11,871:     INFO - flowDet_mmdet.utils.training_utils:  mean nll is 1.967.
2025-08-08 10:58:11,871:     INFO - train_onlyFLow:  Epoch: 80
2025-08-08 10:58:12,250:     INFO - flowDet_mmdet.utils.training_utils:  mean nll is 1.963.
2025-08-08 10:58:12,250:     INFO - train_onlyFLow:  Epoch: 81
2025-08-08 10:58:12,623:     INFO - flowDet_mmdet.utils.training_utils:  mean nll is 1.964.
2025-08-08 10:58:12,624:     INFO - train_onlyFLow:  Epoch: 82
2025-08-08 10:58:13,006:     INFO - flowDet_mmdet.utils.training_utils:  mean nll is 1.959.
2025-08-08 10:58:13,007:     INFO - train_onlyFLow:  Epoch: 83
2025-08-08 10:58:13,384:     INFO - flowDet_mmdet.utils.training_utils:  mean nll is 1.960.
2025-08-08 10:58:13,384:     INFO - train_onlyFLow:  Epoch: 84
2025-08-08 10:58:13,760:     INFO - flowDet_mmdet.utils.training_utils:  mean nll is 1.960.
2025-08-08 10:58:13,760:     INFO - train_onlyFLow:  Epoch: 85
2025-08-08 10:58:14,134:     INFO - flowDet_mmdet.utils.training_utils:  mean nll is 1.960.
2025-08-08 10:58:14,135:     INFO - train_onlyFLow:  Epoch: 86
2025-08-08 10:58:14,516:     INFO - flowDet_mmdet.utils.training_utils:  mean nll is 1.958.
2025-08-08 10:58:14,516:     INFO - train_onlyFLow:  Epoch: 87
2025-08-08 10:58:14,892:     INFO - flowDet_mmdet.utils.training_utils:  mean nll is 1.959.
2025-08-08 10:58:14,893:     INFO - train_onlyFLow:  Epoch: 88
2025-08-08 10:58:15,268:     INFO - flowDet_mmdet.utils.training_utils:  mean nll is 1.956.
2025-08-08 10:58:15,268:     INFO - train_onlyFLow:  Epoch: 89
2025-08-08 10:58:15,649:     INFO - flowDet_mmdet.utils.training_utils:  mean nll is 1.957.
2025-08-08 10:58:15,650:     INFO - train_onlyFLow:  Epoch: 90
2025-08-08 10:58:16,030:     INFO - flowDet_mmdet.utils.training_utils:  mean nll is 1.958.
2025-08-08 10:58:16,031:     INFO - train_onlyFLow:  Epoch: 91
2025-08-08 10:58:16,418:     INFO - flowDet_mmdet.utils.training_utils:  mean nll is 1.956.
2025-08-08 10:58:16,418:     INFO - train_onlyFLow:  Epoch: 92
2025-08-08 10:58:16,804:     INFO - flowDet_mmdet.utils.training_utils:  mean nll is 1.952.
2025-08-08 10:58:16,804:     INFO - train_onlyFLow:  Epoch: 93
2025-08-08 10:58:17,270:     INFO - flowDet_mmdet.utils.training_utils:  mean nll is 1.955.
2025-08-08 10:58:17,270:     INFO - train_onlyFLow:  Epoch: 94
2025-08-08 10:58:17,648:     INFO - flowDet_mmdet.utils.training_utils:  mean nll is 1.951.
2025-08-08 10:58:17,649:     INFO - train_onlyFLow:  Epoch: 95
2025-08-08 10:58:18,019:     INFO - flowDet_mmdet.utils.training_utils:  mean nll is 1.951.
2025-08-08 10:58:18,019:     INFO - train_onlyFLow:  Epoch: 96
2025-08-08 10:58:18,401:     INFO - flowDet_mmdet.utils.training_utils:  mean nll is 1.950.
2025-08-08 10:58:18,401:     INFO - train_onlyFLow:  Epoch: 97
2025-08-08 10:58:18,780:     INFO - flowDet_mmdet.utils.training_utils:  mean nll is 1.951.
2025-08-08 10:58:18,780:     INFO - train_onlyFLow:  Epoch: 98
2025-08-08 10:58:19,162:     INFO - flowDet_mmdet.utils.training_utils:  mean nll is 1.954.
2025-08-08 10:58:19,162:     INFO - train_onlyFLow:  Epoch: 99
2025-08-08 10:58:19,537:     INFO - flowDet_mmdet.utils.training_utils:  mean nll is 1.953.
2025-08-08 10:58:19,537:     INFO - train_onlyFLow:  Epoch: 100
2025-08-08 10:58:19,918:     INFO - flowDet_mmdet.utils.training_utils:  mean nll is 1.954.
2025-08-08 10:58:19,919:     INFO - train_onlyFLow:  Epoch: 101
2025-08-08 10:58:20,299:     INFO - flowDet_mmdet.utils.training_utils:  mean nll is 1.950.
2025-08-08 10:58:20,299:     INFO - train_onlyFLow:  Epoch: 102
2025-08-08 10:58:20,682:     INFO - flowDet_mmdet.utils.training_utils:  mean nll is 1.953.
2025-08-08 10:58:20,683:     INFO - train_onlyFLow:  Epoch: 103
2025-08-08 10:58:21,062:     INFO - flowDet_mmdet.utils.training_utils:  mean nll is 1.948.
2025-08-08 10:58:21,062:     INFO - train_onlyFLow:  Epoch: 104
2025-08-08 10:58:21,436:     INFO - flowDet_mmdet.utils.training_utils:  mean nll is 1.951.
2025-08-08 10:58:21,436:     INFO - train_onlyFLow:  Epoch: 105
2025-08-08 10:58:21,815:     INFO - flowDet_mmdet.utils.training_utils:  mean nll is 1.949.
2025-08-08 10:58:21,816:     INFO - train_onlyFLow:  Epoch: 106
2025-08-08 10:58:22,194:     INFO - flowDet_mmdet.utils.training_utils:  mean nll is 1.952.
2025-08-08 10:58:22,195:     INFO - train_onlyFLow:  Epoch: 107
2025-08-08 10:58:22,583:     INFO - flowDet_mmdet.utils.training_utils:  mean nll is 1.951.
2025-08-08 10:58:22,583:     INFO - train_onlyFLow:  Epoch: 108
2025-08-08 10:58:22,966:     INFO - flowDet_mmdet.utils.training_utils:  mean nll is 1.951.
2025-08-08 10:58:22,966:     INFO - train_onlyFLow:  Epoch: 109
2025-08-08 10:58:23,340:     INFO - flowDet_mmdet.utils.training_utils:  mean nll is 1.953.
2025-08-08 10:58:23,340:     INFO - train_onlyFLow:  Epoch: 110
2025-08-08 10:58:23,715:     INFO - flowDet_mmdet.utils.training_utils:  mean nll is 1.948.
2025-08-08 10:58:23,716:     INFO - train_onlyFLow:  Epoch: 111
2025-08-08 10:58:24,095:     INFO - flowDet_mmdet.utils.training_utils:  mean nll is 1.952.
2025-08-08 10:58:24,095:     INFO - train_onlyFLow:  Epoch: 112
2025-08-08 10:58:24,471:     INFO - flowDet_mmdet.utils.training_utils:  mean nll is 1.946.
2025-08-08 10:58:24,471:     INFO - train_onlyFLow:  Epoch: 113
2025-08-08 10:58:24,854:     INFO - flowDet_mmdet.utils.training_utils:  mean nll is 1.946.
2025-08-08 10:58:24,854:     INFO - train_onlyFLow:  Epoch: 114
2025-08-08 10:58:25,234:     INFO - flowDet_mmdet.utils.training_utils:  mean nll is 1.947.
2025-08-08 10:58:25,234:     INFO - train_onlyFLow:  Epoch: 115
2025-08-08 10:58:25,607:     INFO - flowDet_mmdet.utils.training_utils:  mean nll is 1.946.
2025-08-08 10:58:25,607:     INFO - train_onlyFLow:  Epoch: 116
2025-08-08 10:58:25,989:     INFO - flowDet_mmdet.utils.training_utils:  mean nll is 1.952.
2025-08-08 10:58:25,989:     INFO - train_onlyFLow:  Epoch: 117
2025-08-08 10:58:26,367:     INFO - flowDet_mmdet.utils.training_utils:  mean nll is 1.944.
2025-08-08 10:58:26,367:     INFO - train_onlyFLow:  Epoch: 118
2025-08-08 10:58:26,745:     INFO - flowDet_mmdet.utils.training_utils:  mean nll is 1.949.
2025-08-08 10:58:26,745:     INFO - train_onlyFLow:  Epoch: 119
2025-08-08 10:58:27,118:     INFO - flowDet_mmdet.utils.training_utils:  mean nll is 1.949.
2025-08-08 10:58:27,118:     INFO - train_onlyFLow:  Epoch: 120
2025-08-08 10:58:27,499:     INFO - flowDet_mmdet.utils.training_utils:  mean nll is 1.949.
2025-08-08 10:58:27,499:     INFO - train_onlyFLow:  Epoch: 121
2025-08-08 10:58:27,878:     INFO - flowDet_mmdet.utils.training_utils:  mean nll is 1.949.
2025-08-08 10:58:27,879:     INFO - train_onlyFLow:  Epoch: 122
2025-08-08 10:58:28,258:     INFO - flowDet_mmdet.utils.training_utils:  mean nll is 1.946.
2025-08-08 10:58:28,258:     INFO - train_onlyFLow:  Epoch: 123
2025-08-08 10:58:28,631:     INFO - flowDet_mmdet.utils.training_utils:  mean nll is 1.952.
2025-08-08 10:58:28,631:     INFO - train_onlyFLow:  Epoch: 124
2025-08-08 10:58:29,007:     INFO - flowDet_mmdet.utils.training_utils:  mean nll is 1.949.
2025-08-08 10:58:29,007:     INFO - train_onlyFLow:  Epoch: 125
2025-08-08 10:58:29,387:     INFO - flowDet_mmdet.utils.training_utils:  mean nll is 1.943.
2025-08-08 10:58:29,387:     INFO - train_onlyFLow:  Epoch: 126
2025-08-08 10:58:29,772:     INFO - flowDet_mmdet.utils.training_utils:  mean nll is 1.945.
2025-08-08 10:58:29,772:     INFO - train_onlyFLow:  Epoch: 127
2025-08-08 10:58:30,151:     INFO - flowDet_mmdet.utils.training_utils:  mean nll is 1.942.
2025-08-08 10:58:30,152:     INFO - train_onlyFLow:  Epoch: 128
2025-08-08 10:58:30,530:     INFO - flowDet_mmdet.utils.training_utils:  mean nll is 1.945.
2025-08-08 10:58:30,530:     INFO - train_onlyFLow:  Epoch: 129
2025-08-08 10:58:30,911:     INFO - flowDet_mmdet.utils.training_utils:  mean nll is 1.944.
2025-08-08 10:58:30,911:     INFO - train_onlyFLow:  Epoch: 130
2025-08-08 10:58:31,296:     INFO - flowDet_mmdet.utils.training_utils:  mean nll is 1.945.
2025-08-08 10:58:31,297:     INFO - train_onlyFLow:  Epoch: 131
2025-08-08 10:58:31,674:     INFO - flowDet_mmdet.utils.training_utils:  mean nll is 1.948.
2025-08-08 10:58:31,674:     INFO - train_onlyFLow:  Epoch: 132
2025-08-08 10:58:32,046:     INFO - flowDet_mmdet.utils.training_utils:  mean nll is 1.946.
2025-08-08 10:58:32,047:     INFO - train_onlyFLow:  Epoch: 133
2025-08-08 10:58:32,425:     INFO - flowDet_mmdet.utils.training_utils:  mean nll is 1.945.
2025-08-08 10:58:32,426:     INFO - train_onlyFLow:  Epoch: 134
2025-08-08 10:58:32,801:     INFO - flowDet_mmdet.utils.training_utils:  mean nll is 1.944.
2025-08-08 10:58:32,801:     INFO - train_onlyFLow:  Epoch: 135
2025-08-08 10:58:33,183:     INFO - flowDet_mmdet.utils.training_utils:  mean nll is 1.940.
2025-08-08 10:58:33,183:     INFO - train_onlyFLow:  Epoch: 136
2025-08-08 10:58:33,563:     INFO - flowDet_mmdet.utils.training_utils:  mean nll is 1.946.
2025-08-08 10:58:33,564:     INFO - train_onlyFLow:  Epoch: 137
2025-08-08 10:58:33,937:     INFO - flowDet_mmdet.utils.training_utils:  mean nll is 1.944.
2025-08-08 10:58:33,938:     INFO - train_onlyFLow:  Epoch: 138
2025-08-08 10:58:34,318:     INFO - flowDet_mmdet.utils.training_utils:  mean nll is 1.944.
2025-08-08 10:58:34,319:     INFO - train_onlyFLow:  Epoch: 139
2025-08-08 10:58:34,699:     INFO - flowDet_mmdet.utils.training_utils:  mean nll is 1.943.
2025-08-08 10:58:34,699:     INFO - train_onlyFLow:  Epoch: 140
2025-08-08 10:58:35,079:     INFO - flowDet_mmdet.utils.training_utils:  mean nll is 1.943.
2025-08-08 10:58:35,079:     INFO - train_onlyFLow:  Epoch: 141
2025-08-08 10:58:35,461:     INFO - flowDet_mmdet.utils.training_utils:  mean nll is 1.944.
2025-08-08 10:58:35,462:     INFO - train_onlyFLow:  Epoch: 142
2025-08-08 10:58:35,838:     INFO - flowDet_mmdet.utils.training_utils:  mean nll is 1.942.
2025-08-08 10:58:35,839:     INFO - train_onlyFLow:  Epoch: 143
2025-08-08 10:58:36,214:     INFO - flowDet_mmdet.utils.training_utils:  mean nll is 1.943.
2025-08-08 10:58:36,214:     INFO - train_onlyFLow:  Epoch: 144
2025-08-08 10:58:36,690:     INFO - flowDet_mmdet.utils.training_utils:  mean nll is 1.941.
2025-08-08 10:58:36,691:     INFO - train_onlyFLow:  Epoch: 145
2025-08-08 10:58:37,080:     INFO - flowDet_mmdet.utils.training_utils:  mean nll is 1.942.
2025-08-08 10:58:37,080:     INFO - train_onlyFLow:  Epoch: 146
2025-08-08 10:58:37,460:     INFO - flowDet_mmdet.utils.training_utils:  mean nll is 1.941.
2025-08-08 10:58:37,460:     INFO - train_onlyFLow:  Epoch: 147
2025-08-08 10:58:37,843:     INFO - flowDet_mmdet.utils.training_utils:  mean nll is 1.941.
2025-08-08 10:58:37,843:     INFO - train_onlyFLow:  Epoch: 148
2025-08-08 10:58:38,220:     INFO - flowDet_mmdet.utils.training_utils:  mean nll is 1.942.
2025-08-08 10:58:38,221:     INFO - train_onlyFLow:  Epoch: 149
2025-08-08 10:58:38,597:     INFO - flowDet_mmdet.utils.training_utils:  mean nll is 1.939.
2025-08-08 10:58:38,598:     INFO - train_onlyFLow:  Epoch: 150
2025-08-08 10:58:38,982:     INFO - flowDet_mmdet.utils.training_utils:  mean nll is 1.943.
2025-08-08 10:58:38,982:     INFO - train_onlyFLow:  Epoch: 151
2025-08-08 10:58:39,352:     INFO - flowDet_mmdet.utils.training_utils:  mean nll is 1.939.
2025-08-08 10:58:39,352:     INFO - train_onlyFLow:  Epoch: 152
2025-08-08 10:58:39,728:     INFO - flowDet_mmdet.utils.training_utils:  mean nll is 1.941.
2025-08-08 10:58:39,729:     INFO - train_onlyFLow:  Epoch: 153
2025-08-08 10:58:40,101:     INFO - flowDet_mmdet.utils.training_utils:  mean nll is 1.938.
2025-08-08 10:58:40,101:     INFO - train_onlyFLow:  Epoch: 154
2025-08-08 10:58:40,479:     INFO - flowDet_mmdet.utils.training_utils:  mean nll is 1.942.
2025-08-08 10:58:40,479:     INFO - train_onlyFLow:  Epoch: 155
2025-08-08 10:58:40,855:     INFO - flowDet_mmdet.utils.training_utils:  mean nll is 1.939.
2025-08-08 10:58:40,856:     INFO - train_onlyFLow:  Epoch: 156
2025-08-08 10:58:41,233:     INFO - flowDet_mmdet.utils.training_utils:  mean nll is 1.942.
2025-08-08 10:58:41,233:     INFO - train_onlyFLow:  Epoch: 157
2025-08-08 10:58:41,611:     INFO - flowDet_mmdet.utils.training_utils:  mean nll is 1.945.
2025-08-08 10:58:41,612:     INFO - train_onlyFLow:  Epoch: 158
2025-08-08 10:58:41,988:     INFO - flowDet_mmdet.utils.training_utils:  mean nll is 1.941.
2025-08-08 10:58:41,988:     INFO - train_onlyFLow:  Epoch: 159
2025-08-08 10:58:42,368:     INFO - flowDet_mmdet.utils.training_utils:  mean nll is 1.944.
2025-08-08 10:58:42,368:     INFO - train_onlyFLow:  Epoch: 160
2025-08-08 10:58:42,746:     INFO - flowDet_mmdet.utils.training_utils:  mean nll is 1.948.
2025-08-08 10:58:42,746:     INFO - train_onlyFLow:  Epoch: 161
2025-08-08 10:58:43,122:     INFO - flowDet_mmdet.utils.training_utils:  mean nll is 1.967.
2025-08-08 10:58:43,123:     INFO - train_onlyFLow:  Epoch: 162
2025-08-08 10:58:43,502:     INFO - flowDet_mmdet.utils.training_utils:  mean nll is 2.159.
2025-08-08 10:58:43,503:     INFO - train_onlyFLow:  Epoch: 163
2025-08-08 10:58:43,891:     INFO - flowDet_mmdet.utils.training_utils:  mean nll is 2.490.
2025-08-08 10:58:43,891:     INFO - train_onlyFLow:  Epoch: 164
2025-08-08 10:58:44,266:     INFO - flowDet_mmdet.utils.training_utils:  mean nll is 2.041.
2025-08-08 10:58:44,266:     INFO - train_onlyFLow:  Epoch: 165
2025-08-08 10:58:44,649:     INFO - flowDet_mmdet.utils.training_utils:  mean nll is 2.055.
2025-08-08 10:58:44,649:     INFO - train_onlyFLow:  Epoch: 166
2025-08-08 10:58:45,023:     INFO - flowDet_mmdet.utils.training_utils:  mean nll is 2.036.
2025-08-08 10:58:45,024:     INFO - train_onlyFLow:  Epoch: 167
2025-08-08 10:58:45,398:     INFO - flowDet_mmdet.utils.training_utils:  mean nll is 2.016.
2025-08-08 10:58:45,398:     INFO - train_onlyFLow:  Epoch: 168
2025-08-08 10:58:45,783:     INFO - flowDet_mmdet.utils.training_utils:  mean nll is 2.000.
2025-08-08 10:58:45,783:     INFO - train_onlyFLow:  Epoch: 169
2025-08-08 10:58:46,155:     INFO - flowDet_mmdet.utils.training_utils:  mean nll is 1.986.
2025-08-08 10:58:46,155:     INFO - train_onlyFLow:  Epoch: 170
2025-08-08 10:58:46,530:     INFO - flowDet_mmdet.utils.training_utils:  mean nll is 1.976.
2025-08-08 10:58:46,530:     INFO - train_onlyFLow:  Epoch: 171
2025-08-08 10:58:46,904:     INFO - flowDet_mmdet.utils.training_utils:  mean nll is 1.969.
2025-08-08 10:58:46,905:     INFO - train_onlyFLow:  Epoch: 172
2025-08-08 10:58:47,273:     INFO - flowDet_mmdet.utils.training_utils:  mean nll is 1.966.
2025-08-08 10:58:47,274:     INFO - train_onlyFLow:  Epoch: 173
2025-08-08 10:58:47,650:     INFO - flowDet_mmdet.utils.training_utils:  mean nll is 1.965.
2025-08-08 10:58:47,651:     INFO - train_onlyFLow:  Epoch: 174
2025-08-08 10:58:48,024:     INFO - flowDet_mmdet.utils.training_utils:  mean nll is 1.963.
2025-08-08 10:58:48,024:     INFO - train_onlyFLow:  Epoch: 175
2025-08-08 10:58:48,408:     INFO - flowDet_mmdet.utils.training_utils:  mean nll is 1.960.
2025-08-08 10:58:48,408:     INFO - train_onlyFLow:  Epoch: 176
2025-08-08 10:58:48,781:     INFO - flowDet_mmdet.utils.training_utils:  mean nll is 1.960.
2025-08-08 10:58:48,782:     INFO - train_onlyFLow:  Epoch: 177
2025-08-08 10:58:49,155:     INFO - flowDet_mmdet.utils.training_utils:  mean nll is 1.958.
2025-08-08 10:58:49,155:     INFO - train_onlyFLow:  Epoch: 178
2025-08-08 10:58:49,529:     INFO - flowDet_mmdet.utils.training_utils:  mean nll is 1.957.
2025-08-08 10:58:49,530:     INFO - train_onlyFLow:  Epoch: 179
2025-08-08 10:58:49,901:     INFO - flowDet_mmdet.utils.training_utils:  mean nll is 1.955.
2025-08-08 10:58:49,901:     INFO - train_onlyFLow:  Epoch: 180
2025-08-08 10:58:50,353:     INFO - flowDet_mmdet.utils.training_utils:  mean nll is 1.955.
2025-08-08 10:58:50,353:     INFO - train_onlyFLow:  Epoch: 181
2025-08-08 10:58:50,726:     INFO - flowDet_mmdet.utils.training_utils:  mean nll is 1.954.
2025-08-08 10:58:50,726:     INFO - train_onlyFLow:  Epoch: 182
2025-08-08 10:58:51,101:     INFO - flowDet_mmdet.utils.training_utils:  mean nll is 1.953.
2025-08-08 10:58:51,101:     INFO - train_onlyFLow:  Epoch: 183
2025-08-08 10:58:51,482:     INFO - flowDet_mmdet.utils.training_utils:  mean nll is 1.952.
2025-08-08 10:58:51,482:     INFO - train_onlyFLow:  Epoch: 184
2025-08-08 10:58:51,854:     INFO - flowDet_mmdet.utils.training_utils:  mean nll is 1.951.
2025-08-08 10:58:51,855:     INFO - train_onlyFLow:  Epoch: 185
2025-08-08 10:58:52,232:     INFO - flowDet_mmdet.utils.training_utils:  mean nll is 1.950.
2025-08-08 10:58:52,233:     INFO - train_onlyFLow:  Epoch: 186
2025-08-08 10:58:52,607:     INFO - flowDet_mmdet.utils.training_utils:  mean nll is 1.951.
2025-08-08 10:58:52,608:     INFO - train_onlyFLow:  Epoch: 187
2025-08-08 10:58:52,993:     INFO - flowDet_mmdet.utils.training_utils:  mean nll is 1.949.
2025-08-08 10:58:52,994:     INFO - train_onlyFLow:  Epoch: 188
2025-08-08 10:58:53,368:     INFO - flowDet_mmdet.utils.training_utils:  mean nll is 1.949.
2025-08-08 10:58:53,368:     INFO - train_onlyFLow:  Epoch: 189
2025-08-08 10:58:53,733:     INFO - flowDet_mmdet.utils.training_utils:  mean nll is 1.948.
2025-08-08 10:58:53,734:     INFO - train_onlyFLow:  Epoch: 190
2025-08-08 10:58:54,108:     INFO - flowDet_mmdet.utils.training_utils:  mean nll is 1.948.
2025-08-08 10:58:54,109:     INFO - train_onlyFLow:  Epoch: 191
2025-08-08 10:58:54,482:     INFO - flowDet_mmdet.utils.training_utils:  mean nll is 1.948.
2025-08-08 10:58:54,482:     INFO - train_onlyFLow:  Epoch: 192
2025-08-08 10:58:54,854:     INFO - flowDet_mmdet.utils.training_utils:  mean nll is 1.946.
2025-08-08 10:58:54,855:     INFO - train_onlyFLow:  Epoch: 193
2025-08-08 10:58:55,236:     INFO - flowDet_mmdet.utils.training_utils:  mean nll is 1.947.
2025-08-08 10:58:55,237:     INFO - train_onlyFLow:  Epoch: 194
2025-08-08 10:58:55,611:     INFO - flowDet_mmdet.utils.training_utils:  mean nll is 1.946.
2025-08-08 10:58:55,611:     INFO - train_onlyFLow:  Epoch: 195
2025-08-08 10:58:55,986:     INFO - flowDet_mmdet.utils.training_utils:  mean nll is 1.946.
2025-08-08 10:58:55,986:     INFO - train_onlyFLow:  Epoch: 196
2025-08-08 10:58:56,366:     INFO - flowDet_mmdet.utils.training_utils:  mean nll is 1.946.
2025-08-08 10:58:56,366:     INFO - train_onlyFLow:  Epoch: 197
2025-08-08 10:58:56,740:     INFO - flowDet_mmdet.utils.training_utils:  mean nll is 1.945.
2025-08-08 10:58:56,740:     INFO - train_onlyFLow:  Epoch: 198
2025-08-08 10:58:57,116:     INFO - flowDet_mmdet.utils.training_utils:  mean nll is 1.945.
2025-08-08 10:58:57,117:     INFO - train_onlyFLow:  Epoch: 199
2025-08-08 10:58:57,498:     INFO - flowDet_mmdet.utils.training_utils:  mean nll is 1.945.
2025-08-08 10:58:57,498:     INFO - train_onlyFLow:  Epoch: 200
2025-08-08 10:58:57,498:     INFO - train_onlyFLow:  ##### On Val Set: #####

/home/chen_le/miniforge3/envs/tmnf_mmdet/lib/python3.7/site-packages/numpy/core/fromnumeric.py:3441: RuntimeWarning: Mean of empty slice.
  out=out, **kwargs)
/home/chen_le/miniforge3/envs/tmnf_mmdet/lib/python3.7/site-packages/numpy/core/_methods.py:189: RuntimeWarning: invalid value encountered in true_divide
  ret = ret.dtype.type(ret / rcount)
0it [00:00, ?it/s]1it [00:00, 60.24it/s]2025-08-08 10:58:57,516:     INFO - flowDet_mmdet.utils.functional_utils:  tpKnown_nll after filtering out 0 Nans: 3.927
2025-08-08 10:58:57,516:     INFO - flowDet_mmdet.utils.functional_utils:  fpUnknown_nll after filtering out 0 Nans: nan
Warning: No OOD-class detections (outData is empty). OOD samples perfectly filtered.
2025-08-08 10:58:57,517:     INFO - flowDet_mmdet.utils.gmmDet_utils:  Results for Method: rnvp_resampled_cls_ib
2025-08-08 10:58:57,517:     INFO - flowDet_mmdet.utils.gmmDet_utils:  ------ AUPR: 1.0
2025-08-08 10:58:57,517:     INFO - flowDet_mmdet.utils.gmmDet_utils:  ------ AUROC: 1.0
2025-08-08 10:58:57,517:     INFO - flowDet_mmdet.utils.gmmDet_utils:  ------ TPR at 0.0FPR: 0.0
2025-08-08 10:58:57,517:     INFO - flowDet_mmdet.utils.gmmDet_utils:  ------ TPR at 0.0FPR: 0.0
2025-08-08 10:58:57,517:     INFO - flowDet_mmdet.utils.gmmDet_utils:  ------ TPR at 0.0FPR: 0.0
2025-08-08 10:58:57,518:     INFO - train_onlyFLow:  Because early_stop_iter is 0, we train the model with epochs 400.
2025-08-08 10:58:57,894:     INFO - flowDet_mmdet.utils.training_utils:  mean nll is 1.944.
2025-08-08 10:58:57,894:     INFO - train_onlyFLow:  Epoch: 201
2025-08-08 10:58:58,267:     INFO - flowDet_mmdet.utils.training_utils:  mean nll is 1.945.
2025-08-08 10:58:58,267:     INFO - train_onlyFLow:  Epoch: 202
2025-08-08 10:58:58,645:     INFO - flowDet_mmdet.utils.training_utils:  mean nll is 1.945.
2025-08-08 10:58:58,646:     INFO - train_onlyFLow:  Epoch: 203
2025-08-08 10:58:59,027:     INFO - flowDet_mmdet.utils.training_utils:  mean nll is 1.944.
2025-08-08 10:58:59,027:     INFO - train_onlyFLow:  Epoch: 204
2025-08-08 10:58:59,406:     INFO - flowDet_mmdet.utils.training_utils:  mean nll is 1.943.
2025-08-08 10:58:59,407:     INFO - train_onlyFLow:  Epoch: 205
2025-08-08 10:58:59,774:     INFO - flowDet_mmdet.utils.training_utils:  mean nll is 1.943.
2025-08-08 10:58:59,774:     INFO - train_onlyFLow:  Epoch: 206
2025-08-08 10:59:00,149:     INFO - flowDet_mmdet.utils.training_utils:  mean nll is 1.944.
2025-08-08 10:59:00,150:     INFO - train_onlyFLow:  Epoch: 207
2025-08-08 10:59:00,523:     INFO - flowDet_mmdet.utils.training_utils:  mean nll is 1.942.
2025-08-08 10:59:00,523:     INFO - train_onlyFLow:  Epoch: 208
2025-08-08 10:59:00,897:     INFO - flowDet_mmdet.utils.training_utils:  mean nll is 1.942.
2025-08-08 10:59:00,897:     INFO - train_onlyFLow:  Epoch: 209
2025-08-08 10:59:01,272:     INFO - flowDet_mmdet.utils.training_utils:  mean nll is 1.941.
2025-08-08 10:59:01,272:     INFO - train_onlyFLow:  Epoch: 210
2025-08-08 10:59:01,645:     INFO - flowDet_mmdet.utils.training_utils:  mean nll is 1.942.
2025-08-08 10:59:01,646:     INFO - train_onlyFLow:  Epoch: 211
2025-08-08 10:59:02,021:     INFO - flowDet_mmdet.utils.training_utils:  mean nll is 1.941.
2025-08-08 10:59:02,021:     INFO - train_onlyFLow:  Epoch: 212
2025-08-08 10:59:02,391:     INFO - flowDet_mmdet.utils.training_utils:  mean nll is 1.941.
2025-08-08 10:59:02,392:     INFO - train_onlyFLow:  Epoch: 213
2025-08-08 10:59:02,762:     INFO - flowDet_mmdet.utils.training_utils:  mean nll is 1.941.
2025-08-08 10:59:02,762:     INFO - train_onlyFLow:  Epoch: 214
2025-08-08 10:59:03,132:     INFO - flowDet_mmdet.utils.training_utils:  mean nll is 1.941.
2025-08-08 10:59:03,133:     INFO - train_onlyFLow:  Epoch: 215
2025-08-08 10:59:03,507:     INFO - flowDet_mmdet.utils.training_utils:  mean nll is 1.939.
2025-08-08 10:59:03,507:     INFO - train_onlyFLow:  Epoch: 216
2025-08-08 10:59:03,879:     INFO - flowDet_mmdet.utils.training_utils:  mean nll is 1.941.
2025-08-08 10:59:03,880:     INFO - train_onlyFLow:  Epoch: 217
2025-08-08 10:59:04,260:     INFO - flowDet_mmdet.utils.training_utils:  mean nll is 1.939.
2025-08-08 10:59:04,261:     INFO - train_onlyFLow:  Epoch: 218
2025-08-08 10:59:04,637:     INFO - flowDet_mmdet.utils.training_utils:  mean nll is 1.940.
2025-08-08 10:59:04,637:     INFO - train_onlyFLow:  Epoch: 219
2025-08-08 10:59:05,010:     INFO - flowDet_mmdet.utils.training_utils:  mean nll is 1.940.
2025-08-08 10:59:05,011:     INFO - train_onlyFLow:  Epoch: 220
2025-08-08 10:59:05,385:     INFO - flowDet_mmdet.utils.training_utils:  mean nll is 1.942.
2025-08-08 10:59:05,385:     INFO - train_onlyFLow:  Epoch: 221
2025-08-08 10:59:05,754:     INFO - flowDet_mmdet.utils.training_utils:  mean nll is 1.944.
2025-08-08 10:59:05,755:     INFO - train_onlyFLow:  Epoch: 222
2025-08-08 10:59:06,135:     INFO - flowDet_mmdet.utils.training_utils:  mean nll is 1.940.
2025-08-08 10:59:06,136:     INFO - train_onlyFLow:  Epoch: 223
2025-08-08 10:59:06,517:     INFO - flowDet_mmdet.utils.training_utils:  mean nll is 1.939.
2025-08-08 10:59:06,518:     INFO - train_onlyFLow:  Epoch: 224
2025-08-08 10:59:06,889:     INFO - flowDet_mmdet.utils.training_utils:  mean nll is 1.939.
2025-08-08 10:59:06,889:     INFO - train_onlyFLow:  Epoch: 225
2025-08-08 10:59:07,259:     INFO - flowDet_mmdet.utils.training_utils:  mean nll is 1.940.
2025-08-08 10:59:07,260:     INFO - train_onlyFLow:  Epoch: 226
2025-08-08 10:59:07,638:     INFO - flowDet_mmdet.utils.training_utils:  mean nll is 1.939.
2025-08-08 10:59:07,639:     INFO - train_onlyFLow:  Epoch: 227
2025-08-08 10:59:08,018:     INFO - flowDet_mmdet.utils.training_utils:  mean nll is 1.938.
2025-08-08 10:59:08,018:     INFO - train_onlyFLow:  Epoch: 228
2025-08-08 10:59:08,468:     INFO - flowDet_mmdet.utils.training_utils:  mean nll is 1.939.
2025-08-08 10:59:08,469:     INFO - train_onlyFLow:  Epoch: 229
2025-08-08 10:59:08,841:     INFO - flowDet_mmdet.utils.training_utils:  mean nll is 1.938.
2025-08-08 10:59:08,841:     INFO - train_onlyFLow:  Epoch: 230
2025-08-08 10:59:09,218:     INFO - flowDet_mmdet.utils.training_utils:  mean nll is 1.938.
2025-08-08 10:59:09,218:     INFO - train_onlyFLow:  Epoch: 231
2025-08-08 10:59:09,591:     INFO - flowDet_mmdet.utils.training_utils:  mean nll is 1.937.
2025-08-08 10:59:09,592:     INFO - train_onlyFLow:  Epoch: 232
2025-08-08 10:59:09,963:     INFO - flowDet_mmdet.utils.training_utils:  mean nll is 1.937.
2025-08-08 10:59:09,964:     INFO - train_onlyFLow:  Epoch: 233
2025-08-08 10:59:10,346:     INFO - flowDet_mmdet.utils.training_utils:  mean nll is 1.937.
2025-08-08 10:59:10,346:     INFO - train_onlyFLow:  Epoch: 234
2025-08-08 10:59:10,719:     INFO - flowDet_mmdet.utils.training_utils:  mean nll is 1.938.
2025-08-08 10:59:10,720:     INFO - train_onlyFLow:  Epoch: 235
2025-08-08 10:59:11,094:     INFO - flowDet_mmdet.utils.training_utils:  mean nll is 1.936.
2025-08-08 10:59:11,094:     INFO - train_onlyFLow:  Epoch: 236
2025-08-08 10:59:11,470:     INFO - flowDet_mmdet.utils.training_utils:  mean nll is 1.937.
2025-08-08 10:59:11,470:     INFO - train_onlyFLow:  Epoch: 237
2025-08-08 10:59:11,843:     INFO - flowDet_mmdet.utils.training_utils:  mean nll is 1.938.
2025-08-08 10:59:11,843:     INFO - train_onlyFLow:  Epoch: 238
2025-08-08 10:59:12,226:     INFO - flowDet_mmdet.utils.training_utils:  mean nll is 1.941.
2025-08-08 10:59:12,226:     INFO - train_onlyFLow:  Epoch: 239
2025-08-08 10:59:12,599:     INFO - flowDet_mmdet.utils.training_utils:  mean nll is 1.940.
2025-08-08 10:59:12,599:     INFO - train_onlyFLow:  Epoch: 240
2025-08-08 10:59:12,975:     INFO - flowDet_mmdet.utils.training_utils:  mean nll is 1.941.
2025-08-08 10:59:12,975:     INFO - train_onlyFLow:  Epoch: 241
2025-08-08 10:59:13,354:     INFO - flowDet_mmdet.utils.training_utils:  mean nll is 1.938.
2025-08-08 10:59:13,355:     INFO - train_onlyFLow:  Epoch: 242
2025-08-08 10:59:13,733:     INFO - flowDet_mmdet.utils.training_utils:  mean nll is 1.938.
2025-08-08 10:59:13,733:     INFO - train_onlyFLow:  Epoch: 243
2025-08-08 10:59:14,103:     INFO - flowDet_mmdet.utils.training_utils:  mean nll is 1.937.
2025-08-08 10:59:14,103:     INFO - train_onlyFLow:  Epoch: 244
2025-08-08 10:59:14,477:     INFO - flowDet_mmdet.utils.training_utils:  mean nll is 1.938.
2025-08-08 10:59:14,477:     INFO - train_onlyFLow:  Epoch: 245
2025-08-08 10:59:14,844:     INFO - flowDet_mmdet.utils.training_utils:  mean nll is 1.938.
2025-08-08 10:59:14,844:     INFO - train_onlyFLow:  Epoch: 246
2025-08-08 10:59:15,218:     INFO - flowDet_mmdet.utils.training_utils:  mean nll is 1.937.
2025-08-08 10:59:15,218:     INFO - train_onlyFLow:  Epoch: 247
2025-08-08 10:59:15,593:     INFO - flowDet_mmdet.utils.training_utils:  mean nll is 1.937.
2025-08-08 10:59:15,593:     INFO - train_onlyFLow:  Epoch: 248
2025-08-08 10:59:15,968:     INFO - flowDet_mmdet.utils.training_utils:  mean nll is 1.937.
2025-08-08 10:59:15,968:     INFO - train_onlyFLow:  Epoch: 249
2025-08-08 10:59:16,345:     INFO - flowDet_mmdet.utils.training_utils:  mean nll is 1.936.
2025-08-08 10:59:16,346:     INFO - train_onlyFLow:  Epoch: 250
2025-08-08 10:59:16,722:     INFO - flowDet_mmdet.utils.training_utils:  mean nll is 1.936.
2025-08-08 10:59:16,722:     INFO - train_onlyFLow:  Epoch: 251
2025-08-08 10:59:17,101:     INFO - flowDet_mmdet.utils.training_utils:  mean nll is 1.936.
2025-08-08 10:59:17,102:     INFO - train_onlyFLow:  Epoch: 252
2025-08-08 10:59:17,474:     INFO - flowDet_mmdet.utils.training_utils:  mean nll is 1.940.
2025-08-08 10:59:17,475:     INFO - train_onlyFLow:  Epoch: 253
2025-08-08 10:59:17,856:     INFO - flowDet_mmdet.utils.training_utils:  mean nll is 1.938.
2025-08-08 10:59:17,857:     INFO - train_onlyFLow:  Epoch: 254
2025-08-08 10:59:18,229:     INFO - flowDet_mmdet.utils.training_utils:  mean nll is 1.938.
2025-08-08 10:59:18,229:     INFO - train_onlyFLow:  Epoch: 255
2025-08-08 10:59:18,605:     INFO - flowDet_mmdet.utils.training_utils:  mean nll is 1.936.
2025-08-08 10:59:18,605:     INFO - train_onlyFLow:  Epoch: 256
2025-08-08 10:59:18,972:     INFO - flowDet_mmdet.utils.training_utils:  mean nll is 1.938.
2025-08-08 10:59:18,973:     INFO - train_onlyFLow:  Epoch: 257
2025-08-08 10:59:19,345:     INFO - flowDet_mmdet.utils.training_utils:  mean nll is 1.937.
2025-08-08 10:59:19,346:     INFO - train_onlyFLow:  Epoch: 258
2025-08-08 10:59:19,717:     INFO - flowDet_mmdet.utils.training_utils:  mean nll is 1.938.
2025-08-08 10:59:19,717:     INFO - train_onlyFLow:  Epoch: 259
2025-08-08 10:59:20,094:     INFO - flowDet_mmdet.utils.training_utils:  mean nll is 1.937.
2025-08-08 10:59:20,094:     INFO - train_onlyFLow:  Epoch: 260
2025-08-08 10:59:20,467:     INFO - flowDet_mmdet.utils.training_utils:  mean nll is 1.937.
2025-08-08 10:59:20,468:     INFO - train_onlyFLow:  Epoch: 261
2025-08-08 10:59:20,846:     INFO - flowDet_mmdet.utils.training_utils:  mean nll is 1.935.
2025-08-08 10:59:20,847:     INFO - train_onlyFLow:  Epoch: 262
2025-08-08 10:59:21,224:     INFO - flowDet_mmdet.utils.training_utils:  mean nll is 1.935.
2025-08-08 10:59:21,225:     INFO - train_onlyFLow:  Epoch: 263
2025-08-08 10:59:21,598:     INFO - flowDet_mmdet.utils.training_utils:  mean nll is 1.934.
2025-08-08 10:59:21,598:     INFO - train_onlyFLow:  Epoch: 264
2025-08-08 10:59:22,034:     INFO - flowDet_mmdet.utils.training_utils:  mean nll is 1.935.
2025-08-08 10:59:22,035:     INFO - train_onlyFLow:  Epoch: 265
2025-08-08 10:59:22,412:     INFO - flowDet_mmdet.utils.training_utils:  mean nll is 1.936.
2025-08-08 10:59:22,412:     INFO - train_onlyFLow:  Epoch: 266
2025-08-08 10:59:22,783:     INFO - flowDet_mmdet.utils.training_utils:  mean nll is 1.940.
2025-08-08 10:59:22,783:     INFO - train_onlyFLow:  Epoch: 267
2025-08-08 10:59:23,158:     INFO - flowDet_mmdet.utils.training_utils:  mean nll is 1.940.
2025-08-08 10:59:23,159:     INFO - train_onlyFLow:  Epoch: 268
2025-08-08 10:59:23,541:     INFO - flowDet_mmdet.utils.training_utils:  mean nll is 1.942.
2025-08-08 10:59:23,541:     INFO - train_onlyFLow:  Epoch: 269
2025-08-08 10:59:23,916:     INFO - flowDet_mmdet.utils.training_utils:  mean nll is 1.936.
2025-08-08 10:59:23,916:     INFO - train_onlyFLow:  Epoch: 270
2025-08-08 10:59:24,288:     INFO - flowDet_mmdet.utils.training_utils:  mean nll is 1.939.
2025-08-08 10:59:24,289:     INFO - train_onlyFLow:  Epoch: 271
2025-08-08 10:59:24,661:     INFO - flowDet_mmdet.utils.training_utils:  mean nll is 1.936.
2025-08-08 10:59:24,661:     INFO - train_onlyFLow:  Epoch: 272
2025-08-08 10:59:25,034:     INFO - flowDet_mmdet.utils.training_utils:  mean nll is 1.934.
2025-08-08 10:59:25,034:     INFO - train_onlyFLow:  Epoch: 273
2025-08-08 10:59:25,406:     INFO - flowDet_mmdet.utils.training_utils:  mean nll is 1.934.
2025-08-08 10:59:25,406:     INFO - train_onlyFLow:  Epoch: 274
2025-08-08 10:59:25,788:     INFO - flowDet_mmdet.utils.training_utils:  mean nll is 1.934.
2025-08-08 10:59:25,788:     INFO - train_onlyFLow:  Epoch: 275
2025-08-08 10:59:26,164:     INFO - flowDet_mmdet.utils.training_utils:  mean nll is 1.934.
2025-08-08 10:59:26,165:     INFO - train_onlyFLow:  Epoch: 276
2025-08-08 10:59:26,538:     INFO - flowDet_mmdet.utils.training_utils:  mean nll is 1.935.
2025-08-08 10:59:26,538:     INFO - train_onlyFLow:  Epoch: 277
2025-08-08 10:59:26,915:     INFO - flowDet_mmdet.utils.training_utils:  mean nll is 1.933.
2025-08-08 10:59:26,915:     INFO - train_onlyFLow:  Epoch: 278
2025-08-08 10:59:27,288:     INFO - flowDet_mmdet.utils.training_utils:  mean nll is 1.935.
2025-08-08 10:59:27,288:     INFO - train_onlyFLow:  Epoch: 279
2025-08-08 10:59:27,675:     INFO - flowDet_mmdet.utils.training_utils:  mean nll is 1.933.
2025-08-08 10:59:27,675:     INFO - train_onlyFLow:  Epoch: 280
2025-08-08 10:59:28,048:     INFO - flowDet_mmdet.utils.training_utils:  mean nll is 1.932.
2025-08-08 10:59:28,049:     INFO - train_onlyFLow:  Epoch: 281
2025-08-08 10:59:28,420:     INFO - flowDet_mmdet.utils.training_utils:  mean nll is 1.935.
2025-08-08 10:59:28,420:     INFO - train_onlyFLow:  Epoch: 282
2025-08-08 10:59:28,794:     INFO - flowDet_mmdet.utils.training_utils:  mean nll is 1.933.
2025-08-08 10:59:28,795:     INFO - train_onlyFLow:  Epoch: 283
2025-08-08 10:59:29,173:     INFO - flowDet_mmdet.utils.training_utils:  mean nll is 1.934.
2025-08-08 10:59:29,174:     INFO - train_onlyFLow:  Epoch: 284
2025-08-08 10:59:29,547:     INFO - flowDet_mmdet.utils.training_utils:  mean nll is 1.935.
2025-08-08 10:59:29,547:     INFO - train_onlyFLow:  Epoch: 285
2025-08-08 10:59:29,921:     INFO - flowDet_mmdet.utils.training_utils:  mean nll is 1.935.
2025-08-08 10:59:29,921:     INFO - train_onlyFLow:  Epoch: 286
2025-08-08 10:59:30,297:     INFO - flowDet_mmdet.utils.training_utils:  mean nll is 1.935.
2025-08-08 10:59:30,297:     INFO - train_onlyFLow:  Epoch: 287
2025-08-08 10:59:30,676:     INFO - flowDet_mmdet.utils.training_utils:  mean nll is 1.937.
2025-08-08 10:59:30,676:     INFO - train_onlyFLow:  Epoch: 288
2025-08-08 10:59:31,048:     INFO - flowDet_mmdet.utils.training_utils:  mean nll is 1.936.
2025-08-08 10:59:31,049:     INFO - train_onlyFLow:  Epoch: 289
2025-08-08 10:59:31,417:     INFO - flowDet_mmdet.utils.training_utils:  mean nll is 1.935.
2025-08-08 10:59:31,417:     INFO - train_onlyFLow:  Epoch: 290
2025-08-08 10:59:31,791:     INFO - flowDet_mmdet.utils.training_utils:  mean nll is 1.934.
2025-08-08 10:59:31,791:     INFO - train_onlyFLow:  Epoch: 291
2025-08-08 10:59:32,171:     INFO - flowDet_mmdet.utils.training_utils:  mean nll is 1.933.
2025-08-08 10:59:32,171:     INFO - train_onlyFLow:  Epoch: 292
2025-08-08 10:59:32,544:     INFO - flowDet_mmdet.utils.training_utils:  mean nll is 1.933.
2025-08-08 10:59:32,544:     INFO - train_onlyFLow:  Epoch: 293
2025-08-08 10:59:32,914:     INFO - flowDet_mmdet.utils.training_utils:  mean nll is 1.934.
2025-08-08 10:59:32,914:     INFO - train_onlyFLow:  Epoch: 294
2025-08-08 10:59:33,290:     INFO - flowDet_mmdet.utils.training_utils:  mean nll is 1.933.
2025-08-08 10:59:33,291:     INFO - train_onlyFLow:  Epoch: 295
2025-08-08 10:59:33,670:     INFO - flowDet_mmdet.utils.training_utils:  mean nll is 1.934.
2025-08-08 10:59:33,671:     INFO - train_onlyFLow:  Epoch: 296
2025-08-08 10:59:34,036:     INFO - flowDet_mmdet.utils.training_utils:  mean nll is 1.933.
2025-08-08 10:59:34,036:     INFO - train_onlyFLow:  Epoch: 297
2025-08-08 10:59:34,411:     INFO - flowDet_mmdet.utils.training_utils:  mean nll is 1.932.
2025-08-08 10:59:34,412:     INFO - train_onlyFLow:  Epoch: 298
2025-08-08 10:59:34,786:     INFO - flowDet_mmdet.utils.training_utils:  mean nll is 1.933.
2025-08-08 10:59:34,786:     INFO - train_onlyFLow:  Epoch: 299
2025-08-08 10:59:35,165:     INFO - flowDet_mmdet.utils.training_utils:  mean nll is 1.933.
2025-08-08 10:59:35,166:     INFO - train_onlyFLow:  Epoch: 300
2025-08-08 10:59:35,542:     INFO - flowDet_mmdet.utils.training_utils:  mean nll is 1.933.
2025-08-08 10:59:35,542:     INFO - train_onlyFLow:  Epoch: 301
2025-08-08 10:59:35,916:     INFO - flowDet_mmdet.utils.training_utils:  mean nll is 1.935.
2025-08-08 10:59:35,917:     INFO - train_onlyFLow:  Epoch: 302
2025-08-08 10:59:36,288:     INFO - flowDet_mmdet.utils.training_utils:  mean nll is 1.934.
2025-08-08 10:59:36,289:     INFO - train_onlyFLow:  Epoch: 303
2025-08-08 10:59:36,663:     INFO - flowDet_mmdet.utils.training_utils:  mean nll is 1.933.
2025-08-08 10:59:36,663:     INFO - train_onlyFLow:  Epoch: 304
2025-08-08 10:59:37,047:     INFO - flowDet_mmdet.utils.training_utils:  mean nll is 1.933.
2025-08-08 10:59:37,047:     INFO - train_onlyFLow:  Epoch: 305
2025-08-08 10:59:37,418:     INFO - flowDet_mmdet.utils.training_utils:  mean nll is 1.931.
2025-08-08 10:59:37,418:     INFO - train_onlyFLow:  Epoch: 306
2025-08-08 10:59:37,803:     INFO - flowDet_mmdet.utils.training_utils:  mean nll is 1.933.
2025-08-08 10:59:37,803:     INFO - train_onlyFLow:  Epoch: 307
2025-08-08 10:59:38,176:     INFO - flowDet_mmdet.utils.training_utils:  mean nll is 1.931.
2025-08-08 10:59:38,176:     INFO - train_onlyFLow:  Epoch: 308
2025-08-08 10:59:38,627:     INFO - flowDet_mmdet.utils.training_utils:  mean nll is 1.930.
2025-08-08 10:59:38,627:     INFO - train_onlyFLow:  Epoch: 309
2025-08-08 10:59:39,003:     INFO - flowDet_mmdet.utils.training_utils:  mean nll is 1.930.
2025-08-08 10:59:39,004:     INFO - train_onlyFLow:  Epoch: 310
2025-08-08 10:59:39,378:     INFO - flowDet_mmdet.utils.training_utils:  mean nll is 1.931.
2025-08-08 10:59:39,378:     INFO - train_onlyFLow:  Epoch: 311
2025-08-08 10:59:39,755:     INFO - flowDet_mmdet.utils.training_utils:  mean nll is 1.931.
2025-08-08 10:59:39,755:     INFO - train_onlyFLow:  Epoch: 312
2025-08-08 10:59:40,138:     INFO - flowDet_mmdet.utils.training_utils:  mean nll is 1.930.
2025-08-08 10:59:40,138:     INFO - train_onlyFLow:  Epoch: 313
2025-08-08 10:59:40,511:     INFO - flowDet_mmdet.utils.training_utils:  mean nll is 1.931.
2025-08-08 10:59:40,512:     INFO - train_onlyFLow:  Epoch: 314
2025-08-08 10:59:40,885:     INFO - flowDet_mmdet.utils.training_utils:  mean nll is 1.931.
2025-08-08 10:59:40,885:     INFO - train_onlyFLow:  Epoch: 315
2025-08-08 10:59:41,263:     INFO - flowDet_mmdet.utils.training_utils:  mean nll is 1.930.
2025-08-08 10:59:41,263:     INFO - train_onlyFLow:  Epoch: 316
2025-08-08 10:59:41,635:     INFO - flowDet_mmdet.utils.training_utils:  mean nll is 1.932.
2025-08-08 10:59:41,636:     INFO - train_onlyFLow:  Epoch: 317
2025-08-08 10:59:42,005:     INFO - flowDet_mmdet.utils.training_utils:  mean nll is 1.933.
2025-08-08 10:59:42,005:     INFO - train_onlyFLow:  Epoch: 318
2025-08-08 10:59:42,388:     INFO - flowDet_mmdet.utils.training_utils:  mean nll is 1.936.
2025-08-08 10:59:42,388:     INFO - train_onlyFLow:  Epoch: 319
2025-08-08 10:59:42,771:     INFO - flowDet_mmdet.utils.training_utils:  mean nll is 1.936.
2025-08-08 10:59:42,772:     INFO - train_onlyFLow:  Epoch: 320
2025-08-08 10:59:43,149:     INFO - flowDet_mmdet.utils.training_utils:  mean nll is 1.932.
2025-08-08 10:59:43,150:     INFO - train_onlyFLow:  Epoch: 321
2025-08-08 10:59:43,529:     INFO - flowDet_mmdet.utils.training_utils:  mean nll is 1.930.
2025-08-08 10:59:43,529:     INFO - train_onlyFLow:  Epoch: 322
2025-08-08 10:59:43,907:     INFO - flowDet_mmdet.utils.training_utils:  mean nll is 1.932.
2025-08-08 10:59:43,907:     INFO - train_onlyFLow:  Epoch: 323
2025-08-08 10:59:44,292:     INFO - flowDet_mmdet.utils.training_utils:  mean nll is 1.931.
2025-08-08 10:59:44,293:     INFO - train_onlyFLow:  Epoch: 324
2025-08-08 10:59:44,677:     INFO - flowDet_mmdet.utils.training_utils:  mean nll is 1.929.
2025-08-08 10:59:44,677:     INFO - train_onlyFLow:  Epoch: 325
2025-08-08 10:59:45,057:     INFO - flowDet_mmdet.utils.training_utils:  mean nll is 1.930.
2025-08-08 10:59:45,057:     INFO - train_onlyFLow:  Epoch: 326
2025-08-08 10:59:45,427:     INFO - flowDet_mmdet.utils.training_utils:  mean nll is 1.927.
2025-08-08 10:59:45,428:     INFO - train_onlyFLow:  Epoch: 327
2025-08-08 10:59:45,804:     INFO - flowDet_mmdet.utils.training_utils:  mean nll is 1.928.
2025-08-08 10:59:45,804:     INFO - train_onlyFLow:  Epoch: 328
2025-08-08 10:59:46,182:     INFO - flowDet_mmdet.utils.training_utils:  mean nll is 1.929.
2025-08-08 10:59:46,183:     INFO - train_onlyFLow:  Epoch: 329
2025-08-08 10:59:46,565:     INFO - flowDet_mmdet.utils.training_utils:  mean nll is 1.929.
2025-08-08 10:59:46,566:     INFO - train_onlyFLow:  Epoch: 330
2025-08-08 10:59:46,943:     INFO - flowDet_mmdet.utils.training_utils:  mean nll is 1.932.
2025-08-08 10:59:46,944:     INFO - train_onlyFLow:  Epoch: 331
2025-08-08 10:59:47,321:     INFO - flowDet_mmdet.utils.training_utils:  mean nll is 1.931.
2025-08-08 10:59:47,322:     INFO - train_onlyFLow:  Epoch: 332
2025-08-08 10:59:47,704:     INFO - flowDet_mmdet.utils.training_utils:  mean nll is 1.931.
2025-08-08 10:59:47,705:     INFO - train_onlyFLow:  Epoch: 333
2025-08-08 10:59:48,089:     INFO - flowDet_mmdet.utils.training_utils:  mean nll is 1.928.
2025-08-08 10:59:48,090:     INFO - train_onlyFLow:  Epoch: 334
2025-08-08 10:59:48,474:     INFO - flowDet_mmdet.utils.training_utils:  mean nll is 1.929.
2025-08-08 10:59:48,475:     INFO - train_onlyFLow:  Epoch: 335
2025-08-08 10:59:48,848:     INFO - flowDet_mmdet.utils.training_utils:  mean nll is 1.927.
2025-08-08 10:59:48,848:     INFO - train_onlyFLow:  Epoch: 336
2025-08-08 10:59:49,222:     INFO - flowDet_mmdet.utils.training_utils:  mean nll is 1.926.
2025-08-08 10:59:49,222:     INFO - train_onlyFLow:  Epoch: 337
2025-08-08 10:59:49,595:     INFO - flowDet_mmdet.utils.training_utils:  mean nll is 1.927.
2025-08-08 10:59:49,595:     INFO - train_onlyFLow:  Epoch: 338
2025-08-08 10:59:49,971:     INFO - flowDet_mmdet.utils.training_utils:  mean nll is 1.929.
2025-08-08 10:59:49,971:     INFO - train_onlyFLow:  Epoch: 339
2025-08-08 10:59:50,343:     INFO - flowDet_mmdet.utils.training_utils:  mean nll is 1.930.
2025-08-08 10:59:50,343:     INFO - train_onlyFLow:  Epoch: 340
2025-08-08 10:59:50,721:     INFO - flowDet_mmdet.utils.training_utils:  mean nll is 1.929.
2025-08-08 10:59:50,721:     INFO - train_onlyFLow:  Epoch: 341
2025-08-08 10:59:51,093:     INFO - flowDet_mmdet.utils.training_utils:  mean nll is 1.929.
2025-08-08 10:59:51,093:     INFO - train_onlyFLow:  Epoch: 342
2025-08-08 10:59:51,463:     INFO - flowDet_mmdet.utils.training_utils:  mean nll is 1.926.
2025-08-08 10:59:51,463:     INFO - train_onlyFLow:  Epoch: 343
2025-08-08 10:59:51,840:     INFO - flowDet_mmdet.utils.training_utils:  mean nll is 1.927.
2025-08-08 10:59:51,841:     INFO - train_onlyFLow:  Epoch: 344
2025-08-08 10:59:52,219:     INFO - flowDet_mmdet.utils.training_utils:  mean nll is 1.930.
2025-08-08 10:59:52,219:     INFO - train_onlyFLow:  Epoch: 345
2025-08-08 10:59:52,598:     INFO - flowDet_mmdet.utils.training_utils:  mean nll is 1.929.
2025-08-08 10:59:52,599:     INFO - train_onlyFLow:  Epoch: 346
2025-08-08 10:59:52,983:     INFO - flowDet_mmdet.utils.training_utils:  mean nll is 1.929.
2025-08-08 10:59:52,984:     INFO - train_onlyFLow:  Epoch: 347
2025-08-08 10:59:53,359:     INFO - flowDet_mmdet.utils.training_utils:  mean nll is 1.928.
2025-08-08 10:59:53,360:     INFO - train_onlyFLow:  Epoch: 348
2025-08-08 10:59:53,734:     INFO - flowDet_mmdet.utils.training_utils:  mean nll is 1.926.
2025-08-08 10:59:53,734:     INFO - train_onlyFLow:  Epoch: 349
2025-08-08 10:59:54,109:     INFO - flowDet_mmdet.utils.training_utils:  mean nll is 1.926.
2025-08-08 10:59:54,109:     INFO - train_onlyFLow:  Epoch: 350
2025-08-08 10:59:54,481:     INFO - flowDet_mmdet.utils.training_utils:  mean nll is 1.927.
2025-08-08 10:59:54,481:     INFO - train_onlyFLow:  Epoch: 351
2025-08-08 10:59:54,851:     INFO - flowDet_mmdet.utils.training_utils:  mean nll is 1.927.
2025-08-08 10:59:54,851:     INFO - train_onlyFLow:  Epoch: 352
2025-08-08 10:59:55,235:     INFO - flowDet_mmdet.utils.training_utils:  mean nll is 1.927.
2025-08-08 10:59:55,235:     INFO - train_onlyFLow:  Epoch: 353
2025-08-08 10:59:55,608:     INFO - flowDet_mmdet.utils.training_utils:  mean nll is 1.928.
2025-08-08 10:59:55,609:     INFO - train_onlyFLow:  Epoch: 354
2025-08-08 10:59:55,986:     INFO - flowDet_mmdet.utils.training_utils:  mean nll is 1.927.
2025-08-08 10:59:55,986:     INFO - train_onlyFLow:  Epoch: 355
2025-08-08 10:59:56,368:     INFO - flowDet_mmdet.utils.training_utils:  mean nll is 1.928.
2025-08-08 10:59:56,368:     INFO - train_onlyFLow:  Epoch: 356
2025-08-08 10:59:56,737:     INFO - flowDet_mmdet.utils.training_utils:  mean nll is 1.925.
2025-08-08 10:59:56,737:     INFO - train_onlyFLow:  Epoch: 357
2025-08-08 10:59:57,109:     INFO - flowDet_mmdet.utils.training_utils:  mean nll is 1.926.
2025-08-08 10:59:57,109:     INFO - train_onlyFLow:  Epoch: 358
2025-08-08 10:59:57,479:     INFO - flowDet_mmdet.utils.training_utils:  mean nll is 1.926.
2025-08-08 10:59:57,479:     INFO - train_onlyFLow:  Epoch: 359
2025-08-08 10:59:57,859:     INFO - flowDet_mmdet.utils.training_utils:  mean nll is 1.926.
2025-08-08 10:59:57,859:     INFO - train_onlyFLow:  Epoch: 360
2025-08-08 10:59:58,239:     INFO - flowDet_mmdet.utils.training_utils:  mean nll is 1.927.
2025-08-08 10:59:58,239:     INFO - train_onlyFLow:  Epoch: 361
2025-08-08 10:59:58,614:     INFO - flowDet_mmdet.utils.training_utils:  mean nll is 1.926.
2025-08-08 10:59:58,614:     INFO - train_onlyFLow:  Epoch: 362
2025-08-08 10:59:58,989:     INFO - flowDet_mmdet.utils.training_utils:  mean nll is 1.928.
2025-08-08 10:59:58,989:     INFO - train_onlyFLow:  Epoch: 363
2025-08-08 10:59:59,364:     INFO - flowDet_mmdet.utils.training_utils:  mean nll is 1.924.
2025-08-08 10:59:59,364:     INFO - train_onlyFLow:  Epoch: 364
2025-08-08 10:59:59,734:     INFO - flowDet_mmdet.utils.training_utils:  mean nll is 1.928.
2025-08-08 10:59:59,734:     INFO - train_onlyFLow:  Epoch: 365
2025-08-08 11:00:00,103:     INFO - flowDet_mmdet.utils.training_utils:  mean nll is 1.925.
2025-08-08 11:00:00,104:     INFO - train_onlyFLow:  Epoch: 366
2025-08-08 11:00:00,483:     INFO - flowDet_mmdet.utils.training_utils:  mean nll is 1.926.
2025-08-08 11:00:00,484:     INFO - train_onlyFLow:  Epoch: 367
2025-08-08 11:00:00,856:     INFO - flowDet_mmdet.utils.training_utils:  mean nll is 1.929.
2025-08-08 11:00:00,857:     INFO - train_onlyFLow:  Epoch: 368
2025-08-08 11:00:01,231:     INFO - flowDet_mmdet.utils.training_utils:  mean nll is 1.932.
2025-08-08 11:00:01,231:     INFO - train_onlyFLow:  Epoch: 369
2025-08-08 11:00:01,609:     INFO - flowDet_mmdet.utils.training_utils:  mean nll is 1.935.
2025-08-08 11:00:01,609:     INFO - train_onlyFLow:  Epoch: 370
2025-08-08 11:00:01,990:     INFO - flowDet_mmdet.utils.training_utils:  mean nll is 1.926.
2025-08-08 11:00:01,990:     INFO - train_onlyFLow:  Epoch: 371
2025-08-08 11:00:02,367:     INFO - flowDet_mmdet.utils.training_utils:  mean nll is 1.929.
2025-08-08 11:00:02,368:     INFO - train_onlyFLow:  Epoch: 372
2025-08-08 11:00:02,740:     INFO - flowDet_mmdet.utils.training_utils:  mean nll is 1.931.
2025-08-08 11:00:02,740:     INFO - train_onlyFLow:  Epoch: 373
2025-08-08 11:00:03,112:     INFO - flowDet_mmdet.utils.training_utils:  mean nll is 1.926.
2025-08-08 11:00:03,113:     INFO - train_onlyFLow:  Epoch: 374
2025-08-08 11:00:03,491:     INFO - flowDet_mmdet.utils.training_utils:  mean nll is 1.925.
2025-08-08 11:00:03,491:     INFO - train_onlyFLow:  Epoch: 375
2025-08-08 11:00:03,876:     INFO - flowDet_mmdet.utils.training_utils:  mean nll is 1.924.
2025-08-08 11:00:03,876:     INFO - train_onlyFLow:  Epoch: 376
2025-08-08 11:00:04,249:     INFO - flowDet_mmdet.utils.training_utils:  mean nll is 1.924.
2025-08-08 11:00:04,249:     INFO - train_onlyFLow:  Epoch: 377
2025-08-08 11:00:04,626:     INFO - flowDet_mmdet.utils.training_utils:  mean nll is 1.928.
2025-08-08 11:00:04,626:     INFO - train_onlyFLow:  Epoch: 378
2025-08-08 11:00:04,995:     INFO - flowDet_mmdet.utils.training_utils:  mean nll is 1.924.
2025-08-08 11:00:04,995:     INFO - train_onlyFLow:  Epoch: 379
2025-08-08 11:00:05,370:     INFO - flowDet_mmdet.utils.training_utils:  mean nll is 1.926.
2025-08-08 11:00:05,370:     INFO - train_onlyFLow:  Epoch: 380
2025-08-08 11:00:05,748:     INFO - flowDet_mmdet.utils.training_utils:  mean nll is 1.923.
2025-08-08 11:00:05,748:     INFO - train_onlyFLow:  Epoch: 381
2025-08-08 11:00:06,121:     INFO - flowDet_mmdet.utils.training_utils:  mean nll is 1.923.
2025-08-08 11:00:06,121:     INFO - train_onlyFLow:  Epoch: 382
2025-08-08 11:00:06,492:     INFO - flowDet_mmdet.utils.training_utils:  mean nll is 1.925.
2025-08-08 11:00:06,493:     INFO - train_onlyFLow:  Epoch: 383
2025-08-08 11:00:06,871:     INFO - flowDet_mmdet.utils.training_utils:  mean nll is 1.927.
2025-08-08 11:00:06,871:     INFO - train_onlyFLow:  Epoch: 384
2025-08-08 11:00:07,246:     INFO - flowDet_mmdet.utils.training_utils:  mean nll is 1.932.
2025-08-08 11:00:07,246:     INFO - train_onlyFLow:  Epoch: 385
2025-08-08 11:00:07,615:     INFO - flowDet_mmdet.utils.training_utils:  mean nll is 1.929.
2025-08-08 11:00:07,615:     INFO - train_onlyFLow:  Epoch: 386
2025-08-08 11:00:07,988:     INFO - flowDet_mmdet.utils.training_utils:  mean nll is 1.927.
2025-08-08 11:00:07,988:     INFO - train_onlyFLow:  Epoch: 387
2025-08-08 11:00:08,369:     INFO - flowDet_mmdet.utils.training_utils:  mean nll is 1.926.
2025-08-08 11:00:08,369:     INFO - train_onlyFLow:  Epoch: 388
2025-08-08 11:00:08,745:     INFO - flowDet_mmdet.utils.training_utils:  mean nll is 1.927.
2025-08-08 11:00:08,745:     INFO - train_onlyFLow:  Epoch: 389
2025-08-08 11:00:09,116:     INFO - flowDet_mmdet.utils.training_utils:  mean nll is 1.925.
2025-08-08 11:00:09,116:     INFO - train_onlyFLow:  Epoch: 390
2025-08-08 11:00:09,492:     INFO - flowDet_mmdet.utils.training_utils:  mean nll is 1.924.
2025-08-08 11:00:09,492:     INFO - train_onlyFLow:  Epoch: 391
2025-08-08 11:00:09,864:     INFO - flowDet_mmdet.utils.training_utils:  mean nll is 1.925.
2025-08-08 11:00:09,865:     INFO - train_onlyFLow:  Epoch: 392
2025-08-08 11:00:10,304:     INFO - flowDet_mmdet.utils.training_utils:  mean nll is 1.925.
2025-08-08 11:00:10,304:     INFO - train_onlyFLow:  Epoch: 393
2025-08-08 11:00:10,683:     INFO - flowDet_mmdet.utils.training_utils:  mean nll is 1.926.
2025-08-08 11:00:10,683:     INFO - train_onlyFLow:  Epoch: 394
2025-08-08 11:00:11,056:     INFO - flowDet_mmdet.utils.training_utils:  mean nll is 1.925.
2025-08-08 11:00:11,056:     INFO - train_onlyFLow:  Epoch: 395
2025-08-08 11:00:11,432:     INFO - flowDet_mmdet.utils.training_utils:  mean nll is 1.925.
2025-08-08 11:00:11,432:     INFO - train_onlyFLow:  Epoch: 396
2025-08-08 11:00:11,806:     INFO - flowDet_mmdet.utils.training_utils:  mean nll is 1.926.
2025-08-08 11:00:11,806:     INFO - train_onlyFLow:  Epoch: 397
2025-08-08 11:00:12,176:     INFO - flowDet_mmdet.utils.training_utils:  mean nll is 1.929.
2025-08-08 11:00:12,176:     INFO - train_onlyFLow:  Epoch: 398
2025-08-08 11:00:12,547:     INFO - flowDet_mmdet.utils.training_utils:  mean nll is 2.018.
2025-08-08 11:00:12,547:     INFO - train_onlyFLow:  Epoch: 399
2025-08-08 11:00:12,930:     INFO - flowDet_mmdet.utils.training_utils:  mean nll is 2.402.
Saving model to /home/chen_le/TMNF/data/trained_weights/YOLOv8/XMLDataset/rnvp/FlowDet_Voc_clsLogits_lru1_drone_yolo/resampled_cls_ib/fixed_prior/beta30.0_sig0.5_T100_eps0.05_3*128_Ini0True_dp0.1_affine_exp_16*[4*64]_Adam_0.0001_bs1024_max400_gnormNone_rnd3/saved_model...
2025-08-08 11:00:12,956:     INFO - train_onlyFLow:  Evaluation on Test set after training:
2025-08-08 11:00:12,956:     INFO - train_onlyFLow:  ##### On Test Set: #####
2025-08-08 11:00:12,956:     INFO - flowDet_mmdet.utils.functional_utils:  Estimating Z...

/home/chen_le/miniforge3/envs/tmnf_mmdet/lib/python3.7/site-packages/numpy/core/fromnumeric.py:3441: RuntimeWarning: Mean of empty slice.
  out=out, **kwargs)
/home/chen_le/miniforge3/envs/tmnf_mmdet/lib/python3.7/site-packages/numpy/core/_methods.py:189: RuntimeWarning: invalid value encountered in true_divide
  ret = ret.dtype.type(ret / rcount)
0it [00:00, ?it/s]1it [00:00, 13.85it/s]2025-08-08 11:00:21,723:     INFO - flowDet_mmdet.utils.functional_utils:  tpKnown_nll after filtering out 0 Nans: 6.968
2025-08-08 11:00:21,723:     INFO - flowDet_mmdet.utils.functional_utils:  fpUnknown_nll after filtering out 0 Nans: nan
Warning: No OOD-class detections (outData is empty). OOD samples perfectly filtered.
2025-08-08 11:00:21,724:     INFO - flowDet_mmdet.utils.gmmDet_utils:  Results for Method: rnvp_resampled_cls_ib
2025-08-08 11:00:21,724:     INFO - flowDet_mmdet.utils.gmmDet_utils:  ------ AUPR: 1.0
2025-08-08 11:00:21,724:     INFO - flowDet_mmdet.utils.gmmDet_utils:  ------ AUROC: 1.0
2025-08-08 11:00:21,724:     INFO - flowDet_mmdet.utils.gmmDet_utils:  ------ TPR at 0.0FPR: 0.0
2025-08-08 11:00:21,724:     INFO - flowDet_mmdet.utils.gmmDet_utils:  ------ TPR at 0.0FPR: 0.0
2025-08-08 11:00:21,724:     INFO - flowDet_mmdet.utils.gmmDet_utils:  ------ TPR at 0.0FPR: 0.0

/home/chen_le/miniforge3/envs/tmnf_mmdet/lib/python3.7/site-packages/numpy/core/fromnumeric.py:3441: RuntimeWarning: Mean of empty slice.
  out=out, **kwargs)
/home/chen_le/miniforge3/envs/tmnf_mmdet/lib/python3.7/site-packages/numpy/core/_methods.py:189: RuntimeWarning: invalid value encountered in true_divide
  ret = ret.dtype.type(ret / rcount)
/home/chen_le/miniforge3/envs/tmnf_mmdet/lib/python3.7/site-packages/matplotlib/axes/_axes.py:6649: RuntimeWarning: invalid value encountered in true_divide
  tops = (tops / np.diff(bins)) / tops[-1].sum()
/home/chen_le/miniforge3/envs/tmnf_mmdet/lib/python3.7/site-packages/numpy/core/fromnumeric.py:3441: RuntimeWarning: Mean of empty slice.
  out=out, **kwargs)
/home/chen_le/miniforge3/envs/tmnf_mmdet/lib/python3.7/site-packages/numpy/core/_methods.py:189: RuntimeWarning: invalid value encountered in true_divide
  ret = ret.dtype.type(ret / rcount)

In directory:/home/chen_le/TMNF/examples/flowDet
Training and testing NF  for rnvp_logits_rbf_cls_ib ...
Matplotlib created a temporary config/cache directory at /tmp/matplotlib-tvzd1d3v because the default path (/run/user/163992/.cache/matplotlib) is not a writable directory; it is highly recommended to set the MPLCONFIGDIR environment variable to a writable directory, in particular to speed up the import of Matplotlib and to better support multiprocessing.
Host: rmc-gpu03
Conda: /home/chen_le/miniforge3/condabin/conda
/home/chen_le/TMNF/examples/flowDet
sh: VERSION: command not found
Version:
Warning: Dependencies for Boltzmann generators could not be loaded. Other models can still be used.
Warning: Dependencies for Boltzmann generators could not be loaded. Other models can still be used.
FLOWDET_CONFIG_ROOT: /home/chen_le/TMNF/configs
Loading config file: /home/chen_le/TMNF/configs/flowDet/train/onlyFlow_voc/oF_frcnn_voc_rnvp_logits_rbf_cls_ib_lru1_lander_yolo.py
adding logging file /home/chen_le/TMNF/data/trained_weights/YOLOv8/XMLDataset/rnvp/FlowDet_Voc_clsLogits_lru1_lander_yolo/resampled_cls_ib/fixed_prior/beta30.0_sig0.5_T100_eps0.05_3*128_Ini0True_dp0.1_affine_exp_16*[4*64]_Adam_0.0001_bs1024_max400_gnormNone_rnd3/20250808_110026.log
adding logging file /home/chen_le/TMNF/data/trained_weights/YOLOv8/XMLDataset/rnvp/FlowDet_Voc_clsLogits_lru1_lander_yolo/resampled_cls_ib/fixed_prior/beta30.0_sig0.5_T100_eps0.05_3*128_Ini0True_dp0.1_affine_exp_16*[4*64]_Adam_0.0001_bs1024_max400_gnormNone_rnd3/20250808_110026.log
2025-08-08 11:00:26,890:     INFO - flowDet_mmdet.utils.functional_utils:  data_type: eval
2025-08-08 11:00:26,916:     INFO - flowDet_mmdet.utils.functional_utils:  testTypes: (682,)
2025-08-08 11:00:26,916:     INFO - flowDet_mmdet.utils.functional_utils:  testLogits: (682, 2)
2025-08-08 11:00:26,916:     INFO - flowDet_mmdet.utils.functional_utils:  testFeats: (0,)
2025-08-08 11:00:26,916:     INFO - train_onlyFLow:  test #type 0: 114
2025-08-08 11:00:26,916:     INFO - train_onlyFLow:  test #type 1: 0
2025-08-08 11:00:26,916:     INFO - train_onlyFLow:  test #type 2: 6
2025-08-08 11:00:26,916:     INFO - flowDet_mmdet.utils.functional_utils:  data_type: eval
2025-08-08 11:00:26,918:     INFO - flowDet_mmdet.utils.functional_utils:  testTypes: (67,)
2025-08-08 11:00:26,918:     INFO - flowDet_mmdet.utils.functional_utils:  testLogits: (67, 2)
2025-08-08 11:00:26,918:     INFO - flowDet_mmdet.utils.functional_utils:  testFeats: (0,)
2025-08-08 11:00:26,918:     INFO - train_onlyFLow:  val #type 0: 59
2025-08-08 11:00:26,918:     INFO - train_onlyFLow:  val #type 1: 0
2025-08-08 11:00:26,918:     INFO - train_onlyFLow:  val #type 2: 0
2025-08-08 11:00:26,918:     INFO - flowDet_mmdet.utils.functional_utils:  data_type: train
2025-08-08 11:00:26,920:     INFO - flowDet_mmdet.utils.functional_utils:  trainLogits: (209, 2)
2025-08-08 11:00:26,920:     INFO - flowDet_mmdet.utils.functional_utils:  trainLabels: (209,)
hyper-params: beta30.0_sig0.5_T100_eps0.05_3*128_Ini0True_dp0.1_affine_exp_16*[4*64]_Adam_0.0001_bs1024_max400_gnormNone
2025-08-08 11:00:29,103:     INFO - train_onlyFLow:  Epoch: 0
2025-08-08 11:00:29,103:     INFO - train_onlyFLow:  ##### On Val Set: #####
/home/chen_le/miniforge3/envs/tmnf_mmdet/lib/python3.7/site-packages/torch/optim/adam.py:48: UserWarning: optimizer contains a parameter group with duplicate parameters; in future, this will cause an error; see github.com/pytorch/pytorch/issues/40967 for more information
  super(Adam, self).__init__(params, defaults)
0it [00:00, ?it/s]1it [00:00, 56.18it/s]2025-08-08 11:00:29,123:     INFO - flowDet_mmdet.utils.functional_utils:  tpKnown_nll after filtering out 0 Nans: 3.954
2025-08-08 11:00:29,124:     INFO - flowDet_mmdet.utils.functional_utils:  fpUnknown_nll after filtering out 0 Nans: nan
adding logging file /home/chen_le/TMNF/data/trained_weights/YOLOv8/XMLDataset/rnvp/FlowDet_Voc_clsLogits_lru1_lander_yolo/resampled_cls_ib/fixed_prior/beta30.0_sig0.5_T100_eps0.05_3*128_Ini0True_dp0.1_affine_exp_16*[4*64]_Adam_0.0001_bs1024_max400_gnormNone_rnd3/20250808_110026.log
Warning: No OOD-class detections (outData is empty). OOD samples perfectly filtered.
2025-08-08 11:00:29,126:     INFO - flowDet_mmdet.utils.gmmDet_utils:  Results for Method: rnvp_resampled_cls_ib
2025-08-08 11:00:29,126:     INFO - flowDet_mmdet.utils.gmmDet_utils:  ------ AUPR: 1.0
2025-08-08 11:00:29,126:     INFO - flowDet_mmdet.utils.gmmDet_utils:  ------ AUROC: 1.0
2025-08-08 11:00:29,126:     INFO - flowDet_mmdet.utils.gmmDet_utils:  ------ TPR at 0.0FPR: 0.0
2025-08-08 11:00:29,126:     INFO - flowDet_mmdet.utils.gmmDet_utils:  ------ TPR at 0.0FPR: 0.0
2025-08-08 11:00:29,126:     INFO - flowDet_mmdet.utils.gmmDet_utils:  ------ TPR at 0.0FPR: 0.0
2025-08-08 11:00:29,126:     INFO - train_onlyFLow:  Because early_stop_iter is 0, we train the model with epochs 400.
adding logging file /home/chen_le/TMNF/data/trained_weights/YOLOv8/XMLDataset/rnvp/FlowDet_Voc_clsLogits_lru1_lander_yolo/resampled_cls_ib/fixed_prior/beta30.0_sig0.5_T100_eps0.05_3*128_Ini0True_dp0.1_affine_exp_16*[4*64]_Adam_0.0001_bs1024_max400_gnormNone_rnd3/20250808_110026.log
2025-08-08 11:00:29,293:     INFO - flowDet_mmdet.utils.training_utils:  mean nll is 3.693.
2025-08-08 11:00:29,293:     INFO - train_onlyFLow:  Epoch: 1
2025-08-08 11:00:29,472:     INFO - flowDet_mmdet.utils.training_utils:  mean nll is 3.582.
2025-08-08 11:00:29,472:     INFO - train_onlyFLow:  Epoch: 2
2025-08-08 11:00:29,649:     INFO - flowDet_mmdet.utils.training_utils:  mean nll is 3.543.
2025-08-08 11:00:29,649:     INFO - train_onlyFLow:  Epoch: 3
2025-08-08 11:00:29,823:     INFO - flowDet_mmdet.utils.training_utils:  mean nll is 3.498.
2025-08-08 11:00:29,823:     INFO - train_onlyFLow:  Epoch: 4
2025-08-08 11:00:30,002:     INFO - flowDet_mmdet.utils.training_utils:  mean nll is 3.437.
2025-08-08 11:00:30,002:     INFO - train_onlyFLow:  Epoch: 5
2025-08-08 11:00:30,182:     INFO - flowDet_mmdet.utils.training_utils:  mean nll is 3.385.
2025-08-08 11:00:30,183:     INFO - train_onlyFLow:  Epoch: 6
2025-08-08 11:00:30,361:     INFO - flowDet_mmdet.utils.training_utils:  mean nll is 3.269.
2025-08-08 11:00:30,361:     INFO - train_onlyFLow:  Epoch: 7
2025-08-08 11:00:30,539:     INFO - flowDet_mmdet.utils.training_utils:  mean nll is 3.179.
2025-08-08 11:00:30,540:     INFO - train_onlyFLow:  Epoch: 8
2025-08-08 11:00:30,719:     INFO - flowDet_mmdet.utils.training_utils:  mean nll is 3.078.
2025-08-08 11:00:30,720:     INFO - train_onlyFLow:  Epoch: 9
2025-08-08 11:00:30,897:     INFO - flowDet_mmdet.utils.training_utils:  mean nll is 3.005.
2025-08-08 11:00:30,897:     INFO - train_onlyFLow:  Epoch: 10
2025-08-08 11:00:31,074:     INFO - flowDet_mmdet.utils.training_utils:  mean nll is 2.907.
2025-08-08 11:00:31,074:     INFO - train_onlyFLow:  Epoch: 11
2025-08-08 11:00:31,255:     INFO - flowDet_mmdet.utils.training_utils:  mean nll is 2.847.
2025-08-08 11:00:31,255:     INFO - train_onlyFLow:  Epoch: 12
2025-08-08 11:00:31,425:     INFO - flowDet_mmdet.utils.training_utils:  mean nll is 2.776.
2025-08-08 11:00:31,425:     INFO - train_onlyFLow:  Epoch: 13
2025-08-08 11:00:31,602:     INFO - flowDet_mmdet.utils.training_utils:  mean nll is 2.745.
2025-08-08 11:00:31,602:     INFO - train_onlyFLow:  Epoch: 14
2025-08-08 11:00:31,776:     INFO - flowDet_mmdet.utils.training_utils:  mean nll is 2.710.
2025-08-08 11:00:31,777:     INFO - train_onlyFLow:  Epoch: 15
2025-08-08 11:00:31,956:     INFO - flowDet_mmdet.utils.training_utils:  mean nll is 2.687.
2025-08-08 11:00:31,957:     INFO - train_onlyFLow:  Epoch: 16
2025-08-08 11:00:32,135:     INFO - flowDet_mmdet.utils.training_utils:  mean nll is 2.679.
2025-08-08 11:00:32,136:     INFO - train_onlyFLow:  Epoch: 17
2025-08-08 11:00:32,314:     INFO - flowDet_mmdet.utils.training_utils:  mean nll is 2.665.
2025-08-08 11:00:32,314:     INFO - train_onlyFLow:  Epoch: 18
2025-08-08 11:00:32,490:     INFO - flowDet_mmdet.utils.training_utils:  mean nll is 2.657.
2025-08-08 11:00:32,490:     INFO - train_onlyFLow:  Epoch: 19
2025-08-08 11:00:32,666:     INFO - flowDet_mmdet.utils.training_utils:  mean nll is 2.648.
2025-08-08 11:00:32,666:     INFO - train_onlyFLow:  Epoch: 20
2025-08-08 11:00:32,843:     INFO - flowDet_mmdet.utils.training_utils:  mean nll is 2.636.
2025-08-08 11:00:32,843:     INFO - train_onlyFLow:  Epoch: 21
2025-08-08 11:00:33,014:     INFO - flowDet_mmdet.utils.training_utils:  mean nll is 2.626.
2025-08-08 11:00:33,014:     INFO - train_onlyFLow:  Epoch: 22
2025-08-08 11:00:33,187:     INFO - flowDet_mmdet.utils.training_utils:  mean nll is 2.613.
2025-08-08 11:00:33,188:     INFO - train_onlyFLow:  Epoch: 23
2025-08-08 11:00:33,365:     INFO - flowDet_mmdet.utils.training_utils:  mean nll is 2.596.
2025-08-08 11:00:33,366:     INFO - train_onlyFLow:  Epoch: 24
2025-08-08 11:00:33,540:     INFO - flowDet_mmdet.utils.training_utils:  mean nll is 2.572.
2025-08-08 11:00:33,540:     INFO - train_onlyFLow:  Epoch: 25
2025-08-08 11:00:33,720:     INFO - flowDet_mmdet.utils.training_utils:  mean nll is 2.557.
2025-08-08 11:00:33,721:     INFO - train_onlyFLow:  Epoch: 26
2025-08-08 11:00:33,896:     INFO - flowDet_mmdet.utils.training_utils:  mean nll is 2.529.
2025-08-08 11:00:33,896:     INFO - train_onlyFLow:  Epoch: 27
2025-08-08 11:00:34,074:     INFO - flowDet_mmdet.utils.training_utils:  mean nll is 2.509.
2025-08-08 11:00:34,074:     INFO - train_onlyFLow:  Epoch: 28
2025-08-08 11:00:34,250:     INFO - flowDet_mmdet.utils.training_utils:  mean nll is 2.476.
2025-08-08 11:00:34,251:     INFO - train_onlyFLow:  Epoch: 29
2025-08-08 11:00:34,422:     INFO - flowDet_mmdet.utils.training_utils:  mean nll is 2.455.
2025-08-08 11:00:34,422:     INFO - train_onlyFLow:  Epoch: 30
2025-08-08 11:00:34,599:     INFO - flowDet_mmdet.utils.training_utils:  mean nll is 2.417.
2025-08-08 11:00:34,600:     INFO - train_onlyFLow:  Epoch: 31
2025-08-08 11:00:34,777:     INFO - flowDet_mmdet.utils.training_utils:  mean nll is 2.400.
2025-08-08 11:00:34,777:     INFO - train_onlyFLow:  Epoch: 32
2025-08-08 11:00:34,956:     INFO - flowDet_mmdet.utils.training_utils:  mean nll is 2.357.
2025-08-08 11:00:34,956:     INFO - train_onlyFLow:  Epoch: 33
2025-08-08 11:00:35,126:     INFO - flowDet_mmdet.utils.training_utils:  mean nll is 2.336.
2025-08-08 11:00:35,127:     INFO - train_onlyFLow:  Epoch: 34
2025-08-08 11:00:35,303:     INFO - flowDet_mmdet.utils.training_utils:  mean nll is 2.300.
2025-08-08 11:00:35,303:     INFO - train_onlyFLow:  Epoch: 35
2025-08-08 11:00:35,482:     INFO - flowDet_mmdet.utils.training_utils:  mean nll is 2.274.
2025-08-08 11:00:35,482:     INFO - train_onlyFLow:  Epoch: 36
2025-08-08 11:00:35,655:     INFO - flowDet_mmdet.utils.training_utils:  mean nll is 2.254.
2025-08-08 11:00:35,656:     INFO - train_onlyFLow:  Epoch: 37
2025-08-08 11:00:35,826:     INFO - flowDet_mmdet.utils.training_utils:  mean nll is 2.228.
2025-08-08 11:00:35,826:     INFO - train_onlyFLow:  Epoch: 38
2025-08-08 11:00:36,000:     INFO - flowDet_mmdet.utils.training_utils:  mean nll is 2.223.
2025-08-08 11:00:36,000:     INFO - train_onlyFLow:  Epoch: 39
2025-08-08 11:00:36,178:     INFO - flowDet_mmdet.utils.training_utils:  mean nll is 2.190.
2025-08-08 11:00:36,178:     INFO - train_onlyFLow:  Epoch: 40
2025-08-08 11:00:36,353:     INFO - flowDet_mmdet.utils.training_utils:  mean nll is 2.184.
2025-08-08 11:00:36,353:     INFO - train_onlyFLow:  Epoch: 41
2025-08-08 11:00:36,526:     INFO - flowDet_mmdet.utils.training_utils:  mean nll is 2.168.
2025-08-08 11:00:36,526:     INFO - train_onlyFLow:  Epoch: 42
2025-08-08 11:00:36,698:     INFO - flowDet_mmdet.utils.training_utils:  mean nll is 2.153.
2025-08-08 11:00:36,699:     INFO - train_onlyFLow:  Epoch: 43
2025-08-08 11:00:36,875:     INFO - flowDet_mmdet.utils.training_utils:  mean nll is 2.147.
2025-08-08 11:00:36,876:     INFO - train_onlyFLow:  Epoch: 44
2025-08-08 11:00:37,053:     INFO - flowDet_mmdet.utils.training_utils:  mean nll is 2.132.
2025-08-08 11:00:37,053:     INFO - train_onlyFLow:  Epoch: 45
2025-08-08 11:00:37,226:     INFO - flowDet_mmdet.utils.training_utils:  mean nll is 2.130.
2025-08-08 11:00:37,227:     INFO - train_onlyFLow:  Epoch: 46
2025-08-08 11:00:37,400:     INFO - flowDet_mmdet.utils.training_utils:  mean nll is 2.119.
2025-08-08 11:00:37,401:     INFO - train_onlyFLow:  Epoch: 47
2025-08-08 11:00:37,575:     INFO - flowDet_mmdet.utils.training_utils:  mean nll is 2.108.
2025-08-08 11:00:37,576:     INFO - train_onlyFLow:  Epoch: 48
2025-08-08 11:00:37,757:     INFO - flowDet_mmdet.utils.training_utils:  mean nll is 2.105.
2025-08-08 11:00:37,758:     INFO - train_onlyFLow:  Epoch: 49
2025-08-08 11:00:37,933:     INFO - flowDet_mmdet.utils.training_utils:  mean nll is 2.094.
2025-08-08 11:00:37,933:     INFO - train_onlyFLow:  Epoch: 50
2025-08-08 11:00:38,109:     INFO - flowDet_mmdet.utils.training_utils:  mean nll is 2.094.
2025-08-08 11:00:38,110:     INFO - train_onlyFLow:  Epoch: 51
2025-08-08 11:00:38,282:     INFO - flowDet_mmdet.utils.training_utils:  mean nll is 2.092.
2025-08-08 11:00:38,283:     INFO - train_onlyFLow:  Epoch: 52
2025-08-08 11:00:38,457:     INFO - flowDet_mmdet.utils.training_utils:  mean nll is 2.083.
2025-08-08 11:00:38,457:     INFO - train_onlyFLow:  Epoch: 53
2025-08-08 11:00:38,635:     INFO - flowDet_mmdet.utils.training_utils:  mean nll is 2.083.
2025-08-08 11:00:38,636:     INFO - train_onlyFLow:  Epoch: 54
2025-08-08 11:00:38,808:     INFO - flowDet_mmdet.utils.training_utils:  mean nll is 2.075.
2025-08-08 11:00:38,808:     INFO - train_onlyFLow:  Epoch: 55
2025-08-08 11:00:38,985:     INFO - flowDet_mmdet.utils.training_utils:  mean nll is 2.075.
2025-08-08 11:00:38,985:     INFO - train_onlyFLow:  Epoch: 56
2025-08-08 11:00:39,158:     INFO - flowDet_mmdet.utils.training_utils:  mean nll is 2.070.
2025-08-08 11:00:39,159:     INFO - train_onlyFLow:  Epoch: 57
2025-08-08 11:00:39,331:     INFO - flowDet_mmdet.utils.training_utils:  mean nll is 2.066.
2025-08-08 11:00:39,331:     INFO - train_onlyFLow:  Epoch: 58
2025-08-08 11:00:39,507:     INFO - flowDet_mmdet.utils.training_utils:  mean nll is 2.066.
2025-08-08 11:00:39,507:     INFO - train_onlyFLow:  Epoch: 59
2025-08-08 11:00:39,680:     INFO - flowDet_mmdet.utils.training_utils:  mean nll is 2.057.
2025-08-08 11:00:39,680:     INFO - train_onlyFLow:  Epoch: 60
2025-08-08 11:00:39,856:     INFO - flowDet_mmdet.utils.training_utils:  mean nll is 2.064.
2025-08-08 11:00:39,856:     INFO - train_onlyFLow:  Epoch: 61
2025-08-08 11:00:40,032:     INFO - flowDet_mmdet.utils.training_utils:  mean nll is 2.057.
2025-08-08 11:00:40,033:     INFO - train_onlyFLow:  Epoch: 62
2025-08-08 11:00:40,204:     INFO - flowDet_mmdet.utils.training_utils:  mean nll is 2.055.
2025-08-08 11:00:40,205:     INFO - train_onlyFLow:  Epoch: 63
2025-08-08 11:00:40,379:     INFO - flowDet_mmdet.utils.training_utils:  mean nll is 2.055.
2025-08-08 11:00:40,379:     INFO - train_onlyFLow:  Epoch: 64
2025-08-08 11:00:40,555:     INFO - flowDet_mmdet.utils.training_utils:  mean nll is 2.052.
2025-08-08 11:00:40,556:     INFO - train_onlyFLow:  Epoch: 65
2025-08-08 11:00:40,731:     INFO - flowDet_mmdet.utils.training_utils:  mean nll is 2.048.
2025-08-08 11:00:40,732:     INFO - train_onlyFLow:  Epoch: 66
2025-08-08 11:00:40,903:     INFO - flowDet_mmdet.utils.training_utils:  mean nll is 2.045.
2025-08-08 11:00:40,903:     INFO - train_onlyFLow:  Epoch: 67
2025-08-08 11:00:41,078:     INFO - flowDet_mmdet.utils.training_utils:  mean nll is 2.047.
2025-08-08 11:00:41,078:     INFO - train_onlyFLow:  Epoch: 68
2025-08-08 11:00:41,250:     INFO - flowDet_mmdet.utils.training_utils:  mean nll is 2.045.
2025-08-08 11:00:41,250:     INFO - train_onlyFLow:  Epoch: 69
2025-08-08 11:00:41,428:     INFO - flowDet_mmdet.utils.training_utils:  mean nll is 2.042.
2025-08-08 11:00:41,428:     INFO - train_onlyFLow:  Epoch: 70
2025-08-08 11:00:41,605:     INFO - flowDet_mmdet.utils.training_utils:  mean nll is 2.041.
2025-08-08 11:00:41,606:     INFO - train_onlyFLow:  Epoch: 71
2025-08-08 11:00:41,787:     INFO - flowDet_mmdet.utils.training_utils:  mean nll is 2.041.
2025-08-08 11:00:41,787:     INFO - train_onlyFLow:  Epoch: 72
2025-08-08 11:00:41,963:     INFO - flowDet_mmdet.utils.training_utils:  mean nll is 2.038.
2025-08-08 11:00:41,964:     INFO - train_onlyFLow:  Epoch: 73
2025-08-08 11:00:42,144:     INFO - flowDet_mmdet.utils.training_utils:  mean nll is 2.038.
2025-08-08 11:00:42,145:     INFO - train_onlyFLow:  Epoch: 74
2025-08-08 11:00:42,317:     INFO - flowDet_mmdet.utils.training_utils:  mean nll is 2.034.
2025-08-08 11:00:42,317:     INFO - train_onlyFLow:  Epoch: 75
2025-08-08 11:00:42,499:     INFO - flowDet_mmdet.utils.training_utils:  mean nll is 2.034.
2025-08-08 11:00:42,500:     INFO - train_onlyFLow:  Epoch: 76
2025-08-08 11:00:42,679:     INFO - flowDet_mmdet.utils.training_utils:  mean nll is 2.034.
2025-08-08 11:00:42,680:     INFO - train_onlyFLow:  Epoch: 77
2025-08-08 11:00:42,855:     INFO - flowDet_mmdet.utils.training_utils:  mean nll is 2.034.
2025-08-08 11:00:42,855:     INFO - train_onlyFLow:  Epoch: 78
2025-08-08 11:00:43,037:     INFO - flowDet_mmdet.utils.training_utils:  mean nll is 2.031.
2025-08-08 11:00:43,038:     INFO - train_onlyFLow:  Epoch: 79
2025-08-08 11:00:43,217:     INFO - flowDet_mmdet.utils.training_utils:  mean nll is 2.029.
2025-08-08 11:00:43,218:     INFO - train_onlyFLow:  Epoch: 80
2025-08-08 11:00:43,392:     INFO - flowDet_mmdet.utils.training_utils:  mean nll is 2.032.
2025-08-08 11:00:43,393:     INFO - train_onlyFLow:  Epoch: 81
2025-08-08 11:00:43,570:     INFO - flowDet_mmdet.utils.training_utils:  mean nll is 2.030.
2025-08-08 11:00:43,570:     INFO - train_onlyFLow:  Epoch: 82
2025-08-08 11:00:43,750:     INFO - flowDet_mmdet.utils.training_utils:  mean nll is 2.028.
2025-08-08 11:00:43,750:     INFO - train_onlyFLow:  Epoch: 83
2025-08-08 11:00:43,926:     INFO - flowDet_mmdet.utils.training_utils:  mean nll is 2.026.
2025-08-08 11:00:43,926:     INFO - train_onlyFLow:  Epoch: 84
2025-08-08 11:00:44,100:     INFO - flowDet_mmdet.utils.training_utils:  mean nll is 2.028.
2025-08-08 11:00:44,100:     INFO - train_onlyFLow:  Epoch: 85
2025-08-08 11:00:44,273:     INFO - flowDet_mmdet.utils.training_utils:  mean nll is 2.024.
2025-08-08 11:00:44,273:     INFO - train_onlyFLow:  Epoch: 86
2025-08-08 11:00:44,455:     INFO - flowDet_mmdet.utils.training_utils:  mean nll is 2.027.
2025-08-08 11:00:44,455:     INFO - train_onlyFLow:  Epoch: 87
2025-08-08 11:00:44,631:     INFO - flowDet_mmdet.utils.training_utils:  mean nll is 2.024.
2025-08-08 11:00:44,631:     INFO - train_onlyFLow:  Epoch: 88
2025-08-08 11:00:44,812:     INFO - flowDet_mmdet.utils.training_utils:  mean nll is 2.026.
2025-08-08 11:00:44,812:     INFO - train_onlyFLow:  Epoch: 89
2025-08-08 11:00:44,986:     INFO - flowDet_mmdet.utils.training_utils:  mean nll is 2.025.
2025-08-08 11:00:44,986:     INFO - train_onlyFLow:  Epoch: 90
2025-08-08 11:00:45,161:     INFO - flowDet_mmdet.utils.training_utils:  mean nll is 2.022.
2025-08-08 11:00:45,162:     INFO - train_onlyFLow:  Epoch: 91
2025-08-08 11:00:45,335:     INFO - flowDet_mmdet.utils.training_utils:  mean nll is 2.027.
2025-08-08 11:00:45,335:     INFO - train_onlyFLow:  Epoch: 92
2025-08-08 11:00:45,516:     INFO - flowDet_mmdet.utils.training_utils:  mean nll is 2.016.
2025-08-08 11:00:45,516:     INFO - train_onlyFLow:  Epoch: 93
2025-08-08 11:00:45,688:     INFO - flowDet_mmdet.utils.training_utils:  mean nll is 2.026.
2025-08-08 11:00:45,689:     INFO - train_onlyFLow:  Epoch: 94
2025-08-08 11:00:45,868:     INFO - flowDet_mmdet.utils.training_utils:  mean nll is 2.017.
2025-08-08 11:00:45,868:     INFO - train_onlyFLow:  Epoch: 95
2025-08-08 11:00:46,047:     INFO - flowDet_mmdet.utils.training_utils:  mean nll is 2.024.
2025-08-08 11:00:46,047:     INFO - train_onlyFLow:  Epoch: 96
2025-08-08 11:00:46,220:     INFO - flowDet_mmdet.utils.training_utils:  mean nll is 2.018.
2025-08-08 11:00:46,220:     INFO - train_onlyFLow:  Epoch: 97
2025-08-08 11:00:46,396:     INFO - flowDet_mmdet.utils.training_utils:  mean nll is 2.021.
2025-08-08 11:00:46,396:     INFO - train_onlyFLow:  Epoch: 98
2025-08-08 11:00:46,574:     INFO - flowDet_mmdet.utils.training_utils:  mean nll is 2.020.
2025-08-08 11:00:46,574:     INFO - train_onlyFLow:  Epoch: 99
2025-08-08 11:00:46,749:     INFO - flowDet_mmdet.utils.training_utils:  mean nll is 2.024.
2025-08-08 11:00:46,749:     INFO - train_onlyFLow:  Epoch: 100
2025-08-08 11:00:46,931:     INFO - flowDet_mmdet.utils.training_utils:  mean nll is 2.018.
2025-08-08 11:00:46,932:     INFO - train_onlyFLow:  Epoch: 101
2025-08-08 11:00:47,114:     INFO - flowDet_mmdet.utils.training_utils:  mean nll is 2.026.
2025-08-08 11:00:47,114:     INFO - train_onlyFLow:  Epoch: 102
2025-08-08 11:00:47,285:     INFO - flowDet_mmdet.utils.training_utils:  mean nll is 2.016.
2025-08-08 11:00:47,285:     INFO - train_onlyFLow:  Epoch: 103
2025-08-08 11:00:47,469:     INFO - flowDet_mmdet.utils.training_utils:  mean nll is 2.023.
2025-08-08 11:00:47,470:     INFO - train_onlyFLow:  Epoch: 104
2025-08-08 11:00:47,646:     INFO - flowDet_mmdet.utils.training_utils:  mean nll is 2.018.
2025-08-08 11:00:47,646:     INFO - train_onlyFLow:  Epoch: 105
2025-08-08 11:00:47,821:     INFO - flowDet_mmdet.utils.training_utils:  mean nll is 2.021.
2025-08-08 11:00:47,821:     INFO - train_onlyFLow:  Epoch: 106
2025-08-08 11:00:47,999:     INFO - flowDet_mmdet.utils.training_utils:  mean nll is 2.021.
2025-08-08 11:00:47,999:     INFO - train_onlyFLow:  Epoch: 107
2025-08-08 11:00:48,175:     INFO - flowDet_mmdet.utils.training_utils:  mean nll is 2.016.
2025-08-08 11:00:48,176:     INFO - train_onlyFLow:  Epoch: 108
2025-08-08 11:00:48,357:     INFO - flowDet_mmdet.utils.training_utils:  mean nll is 2.019.
2025-08-08 11:00:48,357:     INFO - train_onlyFLow:  Epoch: 109
2025-08-08 11:00:48,539:     INFO - flowDet_mmdet.utils.training_utils:  mean nll is 2.015.
2025-08-08 11:00:48,539:     INFO - train_onlyFLow:  Epoch: 110
2025-08-08 11:00:48,717:     INFO - flowDet_mmdet.utils.training_utils:  mean nll is 2.011.
2025-08-08 11:00:48,718:     INFO - train_onlyFLow:  Epoch: 111
2025-08-08 11:00:48,890:     INFO - flowDet_mmdet.utils.training_utils:  mean nll is 2.015.
2025-08-08 11:00:48,890:     INFO - train_onlyFLow:  Epoch: 112
2025-08-08 11:00:49,066:     INFO - flowDet_mmdet.utils.training_utils:  mean nll is 2.014.
2025-08-08 11:00:49,066:     INFO - train_onlyFLow:  Epoch: 113
2025-08-08 11:00:49,241:     INFO - flowDet_mmdet.utils.training_utils:  mean nll is 2.011.
2025-08-08 11:00:49,242:     INFO - train_onlyFLow:  Epoch: 114
2025-08-08 11:00:49,415:     INFO - flowDet_mmdet.utils.training_utils:  mean nll is 2.014.
2025-08-08 11:00:49,415:     INFO - train_onlyFLow:  Epoch: 115
2025-08-08 11:00:49,591:     INFO - flowDet_mmdet.utils.training_utils:  mean nll is 2.007.
2025-08-08 11:00:49,592:     INFO - train_onlyFLow:  Epoch: 116
2025-08-08 11:00:49,766:     INFO - flowDet_mmdet.utils.training_utils:  mean nll is 2.010.
2025-08-08 11:00:49,766:     INFO - train_onlyFLow:  Epoch: 117
2025-08-08 11:00:49,940:     INFO - flowDet_mmdet.utils.training_utils:  mean nll is 2.010.
2025-08-08 11:00:49,940:     INFO - train_onlyFLow:  Epoch: 118
2025-08-08 11:00:50,121:     INFO - flowDet_mmdet.utils.training_utils:  mean nll is 2.007.
2025-08-08 11:00:50,121:     INFO - train_onlyFLow:  Epoch: 119
2025-08-08 11:00:50,294:     INFO - flowDet_mmdet.utils.training_utils:  mean nll is 2.012.
2025-08-08 11:00:50,295:     INFO - train_onlyFLow:  Epoch: 120
2025-08-08 11:00:50,471:     INFO - flowDet_mmdet.utils.training_utils:  mean nll is 2.005.
2025-08-08 11:00:50,472:     INFO - train_onlyFLow:  Epoch: 121
2025-08-08 11:00:50,643:     INFO - flowDet_mmdet.utils.training_utils:  mean nll is 2.010.
2025-08-08 11:00:50,644:     INFO - train_onlyFLow:  Epoch: 122
2025-08-08 11:00:50,821:     INFO - flowDet_mmdet.utils.training_utils:  mean nll is 2.011.
2025-08-08 11:00:50,822:     INFO - train_onlyFLow:  Epoch: 123
2025-08-08 11:00:50,999:     INFO - flowDet_mmdet.utils.training_utils:  mean nll is 2.011.
2025-08-08 11:00:50,999:     INFO - train_onlyFLow:  Epoch: 124
2025-08-08 11:00:51,176:     INFO - flowDet_mmdet.utils.training_utils:  mean nll is 2.010.
2025-08-08 11:00:51,176:     INFO - train_onlyFLow:  Epoch: 125
2025-08-08 11:00:51,351:     INFO - flowDet_mmdet.utils.training_utils:  mean nll is 2.008.
2025-08-08 11:00:51,351:     INFO - train_onlyFLow:  Epoch: 126
2025-08-08 11:00:51,525:     INFO - flowDet_mmdet.utils.training_utils:  mean nll is 2.010.
2025-08-08 11:00:51,526:     INFO - train_onlyFLow:  Epoch: 127
2025-08-08 11:00:51,703:     INFO - flowDet_mmdet.utils.training_utils:  mean nll is 2.004.
2025-08-08 11:00:51,704:     INFO - train_onlyFLow:  Epoch: 128
2025-08-08 11:00:51,882:     INFO - flowDet_mmdet.utils.training_utils:  mean nll is 2.011.
2025-08-08 11:00:51,882:     INFO - train_onlyFLow:  Epoch: 129
2025-08-08 11:00:52,056:     INFO - flowDet_mmdet.utils.training_utils:  mean nll is 2.004.
2025-08-08 11:00:52,056:     INFO - train_onlyFLow:  Epoch: 130
2025-08-08 11:00:52,231:     INFO - flowDet_mmdet.utils.training_utils:  mean nll is 2.006.
2025-08-08 11:00:52,232:     INFO - train_onlyFLow:  Epoch: 131
2025-08-08 11:00:52,414:     INFO - flowDet_mmdet.utils.training_utils:  mean nll is 2.009.
2025-08-08 11:00:52,414:     INFO - train_onlyFLow:  Epoch: 132
2025-08-08 11:00:52,589:     INFO - flowDet_mmdet.utils.training_utils:  mean nll is 2.001.
2025-08-08 11:00:52,589:     INFO - train_onlyFLow:  Epoch: 133
2025-08-08 11:00:52,765:     INFO - flowDet_mmdet.utils.training_utils:  mean nll is 2.009.
2025-08-08 11:00:52,765:     INFO - train_onlyFLow:  Epoch: 134
2025-08-08 11:00:52,938:     INFO - flowDet_mmdet.utils.training_utils:  mean nll is 2.004.
2025-08-08 11:00:52,939:     INFO - train_onlyFLow:  Epoch: 135
2025-08-08 11:00:53,114:     INFO - flowDet_mmdet.utils.training_utils:  mean nll is 2.002.
2025-08-08 11:00:53,114:     INFO - train_onlyFLow:  Epoch: 136
2025-08-08 11:00:53,287:     INFO - flowDet_mmdet.utils.training_utils:  mean nll is 2.006.
2025-08-08 11:00:53,287:     INFO - train_onlyFLow:  Epoch: 137
2025-08-08 11:00:53,458:     INFO - flowDet_mmdet.utils.training_utils:  mean nll is 2.002.
2025-08-08 11:00:53,458:     INFO - train_onlyFLow:  Epoch: 138
2025-08-08 11:00:53,635:     INFO - flowDet_mmdet.utils.training_utils:  mean nll is 2.010.
2025-08-08 11:00:53,635:     INFO - train_onlyFLow:  Epoch: 139
2025-08-08 11:00:53,809:     INFO - flowDet_mmdet.utils.training_utils:  mean nll is 2.000.
2025-08-08 11:00:53,810:     INFO - train_onlyFLow:  Epoch: 140
2025-08-08 11:00:53,985:     INFO - flowDet_mmdet.utils.training_utils:  mean nll is 2.007.
2025-08-08 11:00:53,985:     INFO - train_onlyFLow:  Epoch: 141
2025-08-08 11:00:54,158:     INFO - flowDet_mmdet.utils.training_utils:  mean nll is 2.007.
2025-08-08 11:00:54,158:     INFO - train_onlyFLow:  Epoch: 142
2025-08-08 11:00:54,332:     INFO - flowDet_mmdet.utils.training_utils:  mean nll is 2.003.
2025-08-08 11:00:54,332:     INFO - train_onlyFLow:  Epoch: 143
2025-08-08 11:00:54,511:     INFO - flowDet_mmdet.utils.training_utils:  mean nll is 2.007.
2025-08-08 11:00:54,512:     INFO - train_onlyFLow:  Epoch: 144
2025-08-08 11:00:54,685:     INFO - flowDet_mmdet.utils.training_utils:  mean nll is 1.999.
2025-08-08 11:00:54,685:     INFO - train_onlyFLow:  Epoch: 145
2025-08-08 11:00:54,858:     INFO - flowDet_mmdet.utils.training_utils:  mean nll is 2.002.
2025-08-08 11:00:54,859:     INFO - train_onlyFLow:  Epoch: 146
2025-08-08 11:00:55,027:     INFO - flowDet_mmdet.utils.training_utils:  mean nll is 2.001.
2025-08-08 11:00:55,028:     INFO - train_onlyFLow:  Epoch: 147
2025-08-08 11:00:55,200:     INFO - flowDet_mmdet.utils.training_utils:  mean nll is 1.996.
2025-08-08 11:00:55,200:     INFO - train_onlyFLow:  Epoch: 148
2025-08-08 11:00:55,378:     INFO - flowDet_mmdet.utils.training_utils:  mean nll is 2.007.
2025-08-08 11:00:55,379:     INFO - train_onlyFLow:  Epoch: 149
2025-08-08 11:00:55,550:     INFO - flowDet_mmdet.utils.training_utils:  mean nll is 2.000.
2025-08-08 11:00:55,550:     INFO - train_onlyFLow:  Epoch: 150
2025-08-08 11:00:55,728:     INFO - flowDet_mmdet.utils.training_utils:  mean nll is 2.005.
2025-08-08 11:00:55,729:     INFO - train_onlyFLow:  Epoch: 151
2025-08-08 11:00:55,908:     INFO - flowDet_mmdet.utils.training_utils:  mean nll is 1.999.
2025-08-08 11:00:55,908:     INFO - train_onlyFLow:  Epoch: 152
2025-08-08 11:00:56,085:     INFO - flowDet_mmdet.utils.training_utils:  mean nll is 1.997.
2025-08-08 11:00:56,086:     INFO - train_onlyFLow:  Epoch: 153
2025-08-08 11:00:56,259:     INFO - flowDet_mmdet.utils.training_utils:  mean nll is 2.001.
2025-08-08 11:00:56,260:     INFO - train_onlyFLow:  Epoch: 154
2025-08-08 11:00:56,431:     INFO - flowDet_mmdet.utils.training_utils:  mean nll is 1.993.
2025-08-08 11:00:56,432:     INFO - train_onlyFLow:  Epoch: 155
2025-08-08 11:00:56,609:     INFO - flowDet_mmdet.utils.training_utils:  mean nll is 2.005.
2025-08-08 11:00:56,609:     INFO - train_onlyFLow:  Epoch: 156
2025-08-08 11:00:56,785:     INFO - flowDet_mmdet.utils.training_utils:  mean nll is 1.998.
2025-08-08 11:00:56,785:     INFO - train_onlyFLow:  Epoch: 157
2025-08-08 11:00:56,961:     INFO - flowDet_mmdet.utils.training_utils:  mean nll is 2.000.
2025-08-08 11:00:56,961:     INFO - train_onlyFLow:  Epoch: 158
2025-08-08 11:00:57,138:     INFO - flowDet_mmdet.utils.training_utils:  mean nll is 1.997.
2025-08-08 11:00:57,138:     INFO - train_onlyFLow:  Epoch: 159
2025-08-08 11:00:57,313:     INFO - flowDet_mmdet.utils.training_utils:  mean nll is 1.994.
2025-08-08 11:00:57,314:     INFO - train_onlyFLow:  Epoch: 160
2025-08-08 11:00:57,489:     INFO - flowDet_mmdet.utils.training_utils:  mean nll is 1.998.
2025-08-08 11:00:57,489:     INFO - train_onlyFLow:  Epoch: 161
2025-08-08 11:00:57,665:     INFO - flowDet_mmdet.utils.training_utils:  mean nll is 1.995.
2025-08-08 11:00:57,666:     INFO - train_onlyFLow:  Epoch: 162
2025-08-08 11:00:57,843:     INFO - flowDet_mmdet.utils.training_utils:  mean nll is 1.999.
2025-08-08 11:00:57,844:     INFO - train_onlyFLow:  Epoch: 163
2025-08-08 11:00:58,015:     INFO - flowDet_mmdet.utils.training_utils:  mean nll is 1.995.
2025-08-08 11:00:58,016:     INFO - train_onlyFLow:  Epoch: 164
2025-08-08 11:00:58,185:     INFO - flowDet_mmdet.utils.training_utils:  mean nll is 1.999.
2025-08-08 11:00:58,185:     INFO - train_onlyFLow:  Epoch: 165
2025-08-08 11:00:58,360:     INFO - flowDet_mmdet.utils.training_utils:  mean nll is 1.998.
2025-08-08 11:00:58,361:     INFO - train_onlyFLow:  Epoch: 166
2025-08-08 11:00:58,536:     INFO - flowDet_mmdet.utils.training_utils:  mean nll is 1.995.
2025-08-08 11:00:58,537:     INFO - train_onlyFLow:  Epoch: 167
2025-08-08 11:00:58,716:     INFO - flowDet_mmdet.utils.training_utils:  mean nll is 1.999.
2025-08-08 11:00:58,717:     INFO - train_onlyFLow:  Epoch: 168
2025-08-08 11:00:58,892:     INFO - flowDet_mmdet.utils.training_utils:  mean nll is 1.992.
2025-08-08 11:00:58,892:     INFO - train_onlyFLow:  Epoch: 169
2025-08-08 11:00:59,070:     INFO - flowDet_mmdet.utils.training_utils:  mean nll is 1.999.
2025-08-08 11:00:59,071:     INFO - train_onlyFLow:  Epoch: 170
2025-08-08 11:00:59,245:     INFO - flowDet_mmdet.utils.training_utils:  mean nll is 1.995.
2025-08-08 11:00:59,245:     INFO - train_onlyFLow:  Epoch: 171
2025-08-08 11:00:59,421:     INFO - flowDet_mmdet.utils.training_utils:  mean nll is 1.992.
2025-08-08 11:00:59,421:     INFO - train_onlyFLow:  Epoch: 172
2025-08-08 11:00:59,598:     INFO - flowDet_mmdet.utils.training_utils:  mean nll is 1.996.
2025-08-08 11:00:59,598:     INFO - train_onlyFLow:  Epoch: 173
2025-08-08 11:00:59,773:     INFO - flowDet_mmdet.utils.training_utils:  mean nll is 1.994.
2025-08-08 11:00:59,773:     INFO - train_onlyFLow:  Epoch: 174
2025-08-08 11:00:59,951:     INFO - flowDet_mmdet.utils.training_utils:  mean nll is 1.995.
2025-08-08 11:00:59,951:     INFO - train_onlyFLow:  Epoch: 175
2025-08-08 11:01:00,126:     INFO - flowDet_mmdet.utils.training_utils:  mean nll is 1.998.
2025-08-08 11:01:00,127:     INFO - train_onlyFLow:  Epoch: 176
2025-08-08 11:01:00,305:     INFO - flowDet_mmdet.utils.training_utils:  mean nll is 1.993.
2025-08-08 11:01:00,305:     INFO - train_onlyFLow:  Epoch: 177
2025-08-08 11:01:00,485:     INFO - flowDet_mmdet.utils.training_utils:  mean nll is 1.994.
2025-08-08 11:01:00,485:     INFO - train_onlyFLow:  Epoch: 178
2025-08-08 11:01:00,656:     INFO - flowDet_mmdet.utils.training_utils:  mean nll is 1.990.
2025-08-08 11:01:00,656:     INFO - train_onlyFLow:  Epoch: 179
2025-08-08 11:01:00,836:     INFO - flowDet_mmdet.utils.training_utils:  mean nll is 1.990.
2025-08-08 11:01:00,836:     INFO - train_onlyFLow:  Epoch: 180
2025-08-08 11:01:01,013:     INFO - flowDet_mmdet.utils.training_utils:  mean nll is 1.991.
2025-08-08 11:01:01,014:     INFO - train_onlyFLow:  Epoch: 181
2025-08-08 11:01:01,188:     INFO - flowDet_mmdet.utils.training_utils:  mean nll is 1.995.
2025-08-08 11:01:01,188:     INFO - train_onlyFLow:  Epoch: 182
2025-08-08 11:01:01,360:     INFO - flowDet_mmdet.utils.training_utils:  mean nll is 1.994.
2025-08-08 11:01:01,360:     INFO - train_onlyFLow:  Epoch: 183
2025-08-08 11:01:01,535:     INFO - flowDet_mmdet.utils.training_utils:  mean nll is 1.992.
2025-08-08 11:01:01,536:     INFO - train_onlyFLow:  Epoch: 184
2025-08-08 11:01:01,709:     INFO - flowDet_mmdet.utils.training_utils:  mean nll is 1.993.
2025-08-08 11:01:01,710:     INFO - train_onlyFLow:  Epoch: 185
2025-08-08 11:01:01,883:     INFO - flowDet_mmdet.utils.training_utils:  mean nll is 1.990.
2025-08-08 11:01:01,884:     INFO - train_onlyFLow:  Epoch: 186
2025-08-08 11:01:02,064:     INFO - flowDet_mmdet.utils.training_utils:  mean nll is 1.998.
2025-08-08 11:01:02,065:     INFO - train_onlyFLow:  Epoch: 187
2025-08-08 11:01:02,241:     INFO - flowDet_mmdet.utils.training_utils:  mean nll is 1.992.
2025-08-08 11:01:02,242:     INFO - train_onlyFLow:  Epoch: 188
2025-08-08 11:01:02,419:     INFO - flowDet_mmdet.utils.training_utils:  mean nll is 1.998.
2025-08-08 11:01:02,420:     INFO - train_onlyFLow:  Epoch: 189
2025-08-08 11:01:02,591:     INFO - flowDet_mmdet.utils.training_utils:  mean nll is 1.991.
2025-08-08 11:01:02,591:     INFO - train_onlyFLow:  Epoch: 190
2025-08-08 11:01:02,760:     INFO - flowDet_mmdet.utils.training_utils:  mean nll is 1.995.
2025-08-08 11:01:02,761:     INFO - train_onlyFLow:  Epoch: 191
2025-08-08 11:01:02,935:     INFO - flowDet_mmdet.utils.training_utils:  mean nll is 1.997.
2025-08-08 11:01:02,935:     INFO - train_onlyFLow:  Epoch: 192
2025-08-08 11:01:03,114:     INFO - flowDet_mmdet.utils.training_utils:  mean nll is 1.990.
2025-08-08 11:01:03,114:     INFO - train_onlyFLow:  Epoch: 193
2025-08-08 11:01:03,294:     INFO - flowDet_mmdet.utils.training_utils:  mean nll is 2.001.
2025-08-08 11:01:03,294:     INFO - train_onlyFLow:  Epoch: 194
2025-08-08 11:01:03,472:     INFO - flowDet_mmdet.utils.training_utils:  mean nll is 1.992.
2025-08-08 11:01:03,472:     INFO - train_onlyFLow:  Epoch: 195
2025-08-08 11:01:03,651:     INFO - flowDet_mmdet.utils.training_utils:  mean nll is 2.004.
2025-08-08 11:01:03,652:     INFO - train_onlyFLow:  Epoch: 196
2025-08-08 11:01:03,820:     INFO - flowDet_mmdet.utils.training_utils:  mean nll is 1.997.
2025-08-08 11:01:03,821:     INFO - train_onlyFLow:  Epoch: 197
2025-08-08 11:01:03,994:     INFO - flowDet_mmdet.utils.training_utils:  mean nll is 2.001.
2025-08-08 11:01:03,994:     INFO - train_onlyFLow:  Epoch: 198
2025-08-08 11:01:04,162:     INFO - flowDet_mmdet.utils.training_utils:  mean nll is 1.993.
2025-08-08 11:01:04,163:     INFO - train_onlyFLow:  Epoch: 199
2025-08-08 11:01:04,337:     INFO - flowDet_mmdet.utils.training_utils:  mean nll is 1.997.
2025-08-08 11:01:04,337:     INFO - train_onlyFLow:  Epoch: 200
2025-08-08 11:01:04,337:     INFO - train_onlyFLow:  ##### On Val Set: #####

/home/chen_le/miniforge3/envs/tmnf_mmdet/lib/python3.7/site-packages/numpy/core/fromnumeric.py:3441: RuntimeWarning: Mean of empty slice.
  out=out, **kwargs)
/home/chen_le/miniforge3/envs/tmnf_mmdet/lib/python3.7/site-packages/numpy/core/_methods.py:189: RuntimeWarning: invalid value encountered in true_divide
  ret = ret.dtype.type(ret / rcount)
0it [00:00, ?it/s]1it [00:00, 77.46it/s]2025-08-08 11:01:04,351:     INFO - flowDet_mmdet.utils.functional_utils:  tpKnown_nll after filtering out 0 Nans: 5.454
2025-08-08 11:01:04,351:     INFO - flowDet_mmdet.utils.functional_utils:  fpUnknown_nll after filtering out 0 Nans: nan
Warning: No OOD-class detections (outData is empty). OOD samples perfectly filtered.
2025-08-08 11:01:04,352:     INFO - flowDet_mmdet.utils.gmmDet_utils:  Results for Method: rnvp_resampled_cls_ib
2025-08-08 11:01:04,352:     INFO - flowDet_mmdet.utils.gmmDet_utils:  ------ AUPR: 1.0
2025-08-08 11:01:04,352:     INFO - flowDet_mmdet.utils.gmmDet_utils:  ------ AUROC: 1.0
2025-08-08 11:01:04,353:     INFO - flowDet_mmdet.utils.gmmDet_utils:  ------ TPR at 0.0FPR: 0.0
2025-08-08 11:01:04,353:     INFO - flowDet_mmdet.utils.gmmDet_utils:  ------ TPR at 0.0FPR: 0.0
2025-08-08 11:01:04,353:     INFO - flowDet_mmdet.utils.gmmDet_utils:  ------ TPR at 0.0FPR: 0.0
2025-08-08 11:01:04,353:     INFO - train_onlyFLow:  Because early_stop_iter is 0, we train the model with epochs 400.
2025-08-08 11:01:04,528:     INFO - flowDet_mmdet.utils.training_utils:  mean nll is 2.000.
2025-08-08 11:01:04,528:     INFO - train_onlyFLow:  Epoch: 201
2025-08-08 11:01:04,698:     INFO - flowDet_mmdet.utils.training_utils:  mean nll is 1.994.
2025-08-08 11:01:04,698:     INFO - train_onlyFLow:  Epoch: 202
2025-08-08 11:01:04,871:     INFO - flowDet_mmdet.utils.training_utils:  mean nll is 1.993.
2025-08-08 11:01:04,871:     INFO - train_onlyFLow:  Epoch: 203
2025-08-08 11:01:05,044:     INFO - flowDet_mmdet.utils.training_utils:  mean nll is 1.994.
2025-08-08 11:01:05,044:     INFO - train_onlyFLow:  Epoch: 204
2025-08-08 11:01:05,222:     INFO - flowDet_mmdet.utils.training_utils:  mean nll is 1.993.
2025-08-08 11:01:05,223:     INFO - train_onlyFLow:  Epoch: 205
2025-08-08 11:01:05,397:     INFO - flowDet_mmdet.utils.training_utils:  mean nll is 1.994.
2025-08-08 11:01:05,397:     INFO - train_onlyFLow:  Epoch: 206
2025-08-08 11:01:05,573:     INFO - flowDet_mmdet.utils.training_utils:  mean nll is 1.993.
2025-08-08 11:01:05,574:     INFO - train_onlyFLow:  Epoch: 207
2025-08-08 11:01:05,750:     INFO - flowDet_mmdet.utils.training_utils:  mean nll is 1.990.
2025-08-08 11:01:05,751:     INFO - train_onlyFLow:  Epoch: 208
2025-08-08 11:01:05,921:     INFO - flowDet_mmdet.utils.training_utils:  mean nll is 1.992.
2025-08-08 11:01:05,922:     INFO - train_onlyFLow:  Epoch: 209
2025-08-08 11:01:06,092:     INFO - flowDet_mmdet.utils.training_utils:  mean nll is 1.993.
2025-08-08 11:01:06,093:     INFO - train_onlyFLow:  Epoch: 210
2025-08-08 11:01:06,261:     INFO - flowDet_mmdet.utils.training_utils:  mean nll is 1.990.
2025-08-08 11:01:06,262:     INFO - train_onlyFLow:  Epoch: 211
2025-08-08 11:01:06,439:     INFO - flowDet_mmdet.utils.training_utils:  mean nll is 1.990.
2025-08-08 11:01:06,440:     INFO - train_onlyFLow:  Epoch: 212
2025-08-08 11:01:06,619:     INFO - flowDet_mmdet.utils.training_utils:  mean nll is 1.988.
2025-08-08 11:01:06,619:     INFO - train_onlyFLow:  Epoch: 213
2025-08-08 11:01:06,794:     INFO - flowDet_mmdet.utils.training_utils:  mean nll is 1.987.
2025-08-08 11:01:06,795:     INFO - train_onlyFLow:  Epoch: 214
2025-08-08 11:01:06,964:     INFO - flowDet_mmdet.utils.training_utils:  mean nll is 1.989.
2025-08-08 11:01:06,965:     INFO - train_onlyFLow:  Epoch: 215
2025-08-08 11:01:07,137:     INFO - flowDet_mmdet.utils.training_utils:  mean nll is 1.987.
2025-08-08 11:01:07,137:     INFO - train_onlyFLow:  Epoch: 216
2025-08-08 11:01:07,311:     INFO - flowDet_mmdet.utils.training_utils:  mean nll is 1.989.
2025-08-08 11:01:07,311:     INFO - train_onlyFLow:  Epoch: 217
2025-08-08 11:01:07,487:     INFO - flowDet_mmdet.utils.training_utils:  mean nll is 1.989.
2025-08-08 11:01:07,487:     INFO - train_onlyFLow:  Epoch: 218
2025-08-08 11:01:07,662:     INFO - flowDet_mmdet.utils.training_utils:  mean nll is 1.986.
2025-08-08 11:01:07,662:     INFO - train_onlyFLow:  Epoch: 219
2025-08-08 11:01:07,835:     INFO - flowDet_mmdet.utils.training_utils:  mean nll is 1.989.
2025-08-08 11:01:07,836:     INFO - train_onlyFLow:  Epoch: 220
2025-08-08 11:01:08,009:     INFO - flowDet_mmdet.utils.training_utils:  mean nll is 1.988.
2025-08-08 11:01:08,009:     INFO - train_onlyFLow:  Epoch: 221
2025-08-08 11:01:08,178:     INFO - flowDet_mmdet.utils.training_utils:  mean nll is 1.989.
2025-08-08 11:01:08,178:     INFO - train_onlyFLow:  Epoch: 222
2025-08-08 11:01:08,352:     INFO - flowDet_mmdet.utils.training_utils:  mean nll is 1.987.
2025-08-08 11:01:08,352:     INFO - train_onlyFLow:  Epoch: 223
2025-08-08 11:01:08,528:     INFO - flowDet_mmdet.utils.training_utils:  mean nll is 1.988.
2025-08-08 11:01:08,528:     INFO - train_onlyFLow:  Epoch: 224
2025-08-08 11:01:08,702:     INFO - flowDet_mmdet.utils.training_utils:  mean nll is 1.992.
2025-08-08 11:01:08,703:     INFO - train_onlyFLow:  Epoch: 225
2025-08-08 11:01:08,879:     INFO - flowDet_mmdet.utils.training_utils:  mean nll is 1.986.
2025-08-08 11:01:08,880:     INFO - train_onlyFLow:  Epoch: 226
2025-08-08 11:01:09,058:     INFO - flowDet_mmdet.utils.training_utils:  mean nll is 1.990.
2025-08-08 11:01:09,058:     INFO - train_onlyFLow:  Epoch: 227
2025-08-08 11:01:09,233:     INFO - flowDet_mmdet.utils.training_utils:  mean nll is 1.984.
2025-08-08 11:01:09,233:     INFO - train_onlyFLow:  Epoch: 228
2025-08-08 11:01:09,407:     INFO - flowDet_mmdet.utils.training_utils:  mean nll is 1.987.
2025-08-08 11:01:09,408:     INFO - train_onlyFLow:  Epoch: 229
2025-08-08 11:01:09,580:     INFO - flowDet_mmdet.utils.training_utils:  mean nll is 1.984.
2025-08-08 11:01:09,581:     INFO - train_onlyFLow:  Epoch: 230
2025-08-08 11:01:09,762:     INFO - flowDet_mmdet.utils.training_utils:  mean nll is 1.986.
2025-08-08 11:01:09,762:     INFO - train_onlyFLow:  Epoch: 231
2025-08-08 11:01:09,936:     INFO - flowDet_mmdet.utils.training_utils:  mean nll is 1.988.
2025-08-08 11:01:09,936:     INFO - train_onlyFLow:  Epoch: 232
2025-08-08 11:01:10,115:     INFO - flowDet_mmdet.utils.training_utils:  mean nll is 1.985.
2025-08-08 11:01:10,116:     INFO - train_onlyFLow:  Epoch: 233
2025-08-08 11:01:10,294:     INFO - flowDet_mmdet.utils.training_utils:  mean nll is 1.987.
2025-08-08 11:01:10,294:     INFO - train_onlyFLow:  Epoch: 234
2025-08-08 11:01:10,472:     INFO - flowDet_mmdet.utils.training_utils:  mean nll is 1.985.
2025-08-08 11:01:10,472:     INFO - train_onlyFLow:  Epoch: 235
2025-08-08 11:01:10,647:     INFO - flowDet_mmdet.utils.training_utils:  mean nll is 1.988.
2025-08-08 11:01:10,647:     INFO - train_onlyFLow:  Epoch: 236
2025-08-08 11:01:10,818:     INFO - flowDet_mmdet.utils.training_utils:  mean nll is 1.987.
2025-08-08 11:01:10,819:     INFO - train_onlyFLow:  Epoch: 237
2025-08-08 11:01:10,998:     INFO - flowDet_mmdet.utils.training_utils:  mean nll is 1.986.
2025-08-08 11:01:10,998:     INFO - train_onlyFLow:  Epoch: 238
2025-08-08 11:01:11,170:     INFO - flowDet_mmdet.utils.training_utils:  mean nll is 1.988.
2025-08-08 11:01:11,170:     INFO - train_onlyFLow:  Epoch: 239
2025-08-08 11:01:11,343:     INFO - flowDet_mmdet.utils.training_utils:  mean nll is 1.987.
2025-08-08 11:01:11,343:     INFO - train_onlyFLow:  Epoch: 240
2025-08-08 11:01:11,517:     INFO - flowDet_mmdet.utils.training_utils:  mean nll is 1.991.
2025-08-08 11:01:11,517:     INFO - train_onlyFLow:  Epoch: 241
2025-08-08 11:01:11,690:     INFO - flowDet_mmdet.utils.training_utils:  mean nll is 1.987.
2025-08-08 11:01:11,690:     INFO - train_onlyFLow:  Epoch: 242
2025-08-08 11:01:11,865:     INFO - flowDet_mmdet.utils.training_utils:  mean nll is 1.989.
2025-08-08 11:01:11,865:     INFO - train_onlyFLow:  Epoch: 243
2025-08-08 11:01:12,041:     INFO - flowDet_mmdet.utils.training_utils:  mean nll is 1.988.
2025-08-08 11:01:12,042:     INFO - train_onlyFLow:  Epoch: 244
2025-08-08 11:01:12,226:     INFO - flowDet_mmdet.utils.training_utils:  mean nll is 1.991.
2025-08-08 11:01:12,227:     INFO - train_onlyFLow:  Epoch: 245
2025-08-08 11:01:12,397:     INFO - flowDet_mmdet.utils.training_utils:  mean nll is 1.992.
2025-08-08 11:01:12,397:     INFO - train_onlyFLow:  Epoch: 246
2025-08-08 11:01:12,564:     INFO - flowDet_mmdet.utils.training_utils:  mean nll is 1.994.
2025-08-08 11:01:12,564:     INFO - train_onlyFLow:  Epoch: 247
2025-08-08 11:01:12,736:     INFO - flowDet_mmdet.utils.training_utils:  mean nll is 1.987.
2025-08-08 11:01:12,736:     INFO - train_onlyFLow:  Epoch: 248
2025-08-08 11:01:12,910:     INFO - flowDet_mmdet.utils.training_utils:  mean nll is 1.992.
2025-08-08 11:01:12,911:     INFO - train_onlyFLow:  Epoch: 249
2025-08-08 11:01:13,083:     INFO - flowDet_mmdet.utils.training_utils:  mean nll is 1.989.
2025-08-08 11:01:13,083:     INFO - train_onlyFLow:  Epoch: 250
2025-08-08 11:01:13,255:     INFO - flowDet_mmdet.utils.training_utils:  mean nll is 1.987.
2025-08-08 11:01:13,255:     INFO - train_onlyFLow:  Epoch: 251
2025-08-08 11:01:13,421:     INFO - flowDet_mmdet.utils.training_utils:  mean nll is 1.989.
2025-08-08 11:01:13,421:     INFO - train_onlyFLow:  Epoch: 252
2025-08-08 11:01:13,591:     INFO - flowDet_mmdet.utils.training_utils:  mean nll is 1.987.
2025-08-08 11:01:13,591:     INFO - train_onlyFLow:  Epoch: 253
2025-08-08 11:01:13,765:     INFO - flowDet_mmdet.utils.training_utils:  mean nll is 1.987.
2025-08-08 11:01:13,765:     INFO - train_onlyFLow:  Epoch: 254
2025-08-08 11:01:13,940:     INFO - flowDet_mmdet.utils.training_utils:  mean nll is 1.988.
2025-08-08 11:01:13,940:     INFO - train_onlyFLow:  Epoch: 255
2025-08-08 11:01:14,115:     INFO - flowDet_mmdet.utils.training_utils:  mean nll is 1.987.
2025-08-08 11:01:14,115:     INFO - train_onlyFLow:  Epoch: 256
2025-08-08 11:01:14,290:     INFO - flowDet_mmdet.utils.training_utils:  mean nll is 1.987.
2025-08-08 11:01:14,291:     INFO - train_onlyFLow:  Epoch: 257
2025-08-08 11:01:14,466:     INFO - flowDet_mmdet.utils.training_utils:  mean nll is 1.986.
2025-08-08 11:01:14,466:     INFO - train_onlyFLow:  Epoch: 258
2025-08-08 11:01:14,638:     INFO - flowDet_mmdet.utils.training_utils:  mean nll is 1.988.
2025-08-08 11:01:14,638:     INFO - train_onlyFLow:  Epoch: 259
2025-08-08 11:01:14,810:     INFO - flowDet_mmdet.utils.training_utils:  mean nll is 1.987.
2025-08-08 11:01:14,810:     INFO - train_onlyFLow:  Epoch: 260
2025-08-08 11:01:14,986:     INFO - flowDet_mmdet.utils.training_utils:  mean nll is 1.987.
2025-08-08 11:01:14,986:     INFO - train_onlyFLow:  Epoch: 261
2025-08-08 11:01:15,157:     INFO - flowDet_mmdet.utils.training_utils:  mean nll is 1.989.
2025-08-08 11:01:15,157:     INFO - train_onlyFLow:  Epoch: 262
2025-08-08 11:01:15,329:     INFO - flowDet_mmdet.utils.training_utils:  mean nll is 1.988.
2025-08-08 11:01:15,330:     INFO - train_onlyFLow:  Epoch: 263
2025-08-08 11:01:15,501:     INFO - flowDet_mmdet.utils.training_utils:  mean nll is 1.990.
2025-08-08 11:01:15,501:     INFO - train_onlyFLow:  Epoch: 264
2025-08-08 11:01:15,666:     INFO - flowDet_mmdet.utils.training_utils:  mean nll is 1.988.
2025-08-08 11:01:15,666:     INFO - train_onlyFLow:  Epoch: 265
2025-08-08 11:01:15,832:     INFO - flowDet_mmdet.utils.training_utils:  mean nll is 1.986.
2025-08-08 11:01:15,832:     INFO - train_onlyFLow:  Epoch: 266
2025-08-08 11:01:16,001:     INFO - flowDet_mmdet.utils.training_utils:  mean nll is 1.982.
2025-08-08 11:01:16,001:     INFO - train_onlyFLow:  Epoch: 267
2025-08-08 11:01:16,171:     INFO - flowDet_mmdet.utils.training_utils:  mean nll is 1.987.
2025-08-08 11:01:16,171:     INFO - train_onlyFLow:  Epoch: 268
2025-08-08 11:01:16,342:     INFO - flowDet_mmdet.utils.training_utils:  mean nll is 1.985.
2025-08-08 11:01:16,343:     INFO - train_onlyFLow:  Epoch: 269
2025-08-08 11:01:16,520:     INFO - flowDet_mmdet.utils.training_utils:  mean nll is 1.988.
2025-08-08 11:01:16,520:     INFO - train_onlyFLow:  Epoch: 270
2025-08-08 11:01:16,692:     INFO - flowDet_mmdet.utils.training_utils:  mean nll is 1.988.
2025-08-08 11:01:16,692:     INFO - train_onlyFLow:  Epoch: 271
2025-08-08 11:01:16,862:     INFO - flowDet_mmdet.utils.training_utils:  mean nll is 1.984.
2025-08-08 11:01:16,863:     INFO - train_onlyFLow:  Epoch: 272
2025-08-08 11:01:17,115:     INFO - flowDet_mmdet.utils.training_utils:  mean nll is 1.986.
2025-08-08 11:01:17,115:     INFO - train_onlyFLow:  Epoch: 273
2025-08-08 11:01:17,287:     INFO - flowDet_mmdet.utils.training_utils:  mean nll is 1.985.
2025-08-08 11:01:17,288:     INFO - train_onlyFLow:  Epoch: 274
2025-08-08 11:01:17,457:     INFO - flowDet_mmdet.utils.training_utils:  mean nll is 1.987.
2025-08-08 11:01:17,458:     INFO - train_onlyFLow:  Epoch: 275
2025-08-08 11:01:17,633:     INFO - flowDet_mmdet.utils.training_utils:  mean nll is 1.983.
2025-08-08 11:01:17,633:     INFO - train_onlyFLow:  Epoch: 276
2025-08-08 11:01:17,807:     INFO - flowDet_mmdet.utils.training_utils:  mean nll is 1.982.
2025-08-08 11:01:17,807:     INFO - train_onlyFLow:  Epoch: 277
2025-08-08 11:01:17,975:     INFO - flowDet_mmdet.utils.training_utils:  mean nll is 1.984.
2025-08-08 11:01:17,976:     INFO - train_onlyFLow:  Epoch: 278
2025-08-08 11:01:18,151:     INFO - flowDet_mmdet.utils.training_utils:  mean nll is 1.981.
2025-08-08 11:01:18,151:     INFO - train_onlyFLow:  Epoch: 279
2025-08-08 11:01:18,327:     INFO - flowDet_mmdet.utils.training_utils:  mean nll is 1.989.
2025-08-08 11:01:18,327:     INFO - train_onlyFLow:  Epoch: 280
2025-08-08 11:01:18,499:     INFO - flowDet_mmdet.utils.training_utils:  mean nll is 1.983.
2025-08-08 11:01:18,499:     INFO - train_onlyFLow:  Epoch: 281
2025-08-08 11:01:18,671:     INFO - flowDet_mmdet.utils.training_utils:  mean nll is 1.984.
2025-08-08 11:01:18,671:     INFO - train_onlyFLow:  Epoch: 282
2025-08-08 11:01:18,841:     INFO - flowDet_mmdet.utils.training_utils:  mean nll is 1.983.
2025-08-08 11:01:18,841:     INFO - train_onlyFLow:  Epoch: 283
2025-08-08 11:01:19,014:     INFO - flowDet_mmdet.utils.training_utils:  mean nll is 1.982.
2025-08-08 11:01:19,014:     INFO - train_onlyFLow:  Epoch: 284
2025-08-08 11:01:19,179:     INFO - flowDet_mmdet.utils.training_utils:  mean nll is 1.982.
2025-08-08 11:01:19,179:     INFO - train_onlyFLow:  Epoch: 285
2025-08-08 11:01:19,349:     INFO - flowDet_mmdet.utils.training_utils:  mean nll is 1.982.
2025-08-08 11:01:19,349:     INFO - train_onlyFLow:  Epoch: 286
2025-08-08 11:01:19,524:     INFO - flowDet_mmdet.utils.training_utils:  mean nll is 1.985.
2025-08-08 11:01:19,525:     INFO - train_onlyFLow:  Epoch: 287
2025-08-08 11:01:19,696:     INFO - flowDet_mmdet.utils.training_utils:  mean nll is 1.983.
2025-08-08 11:01:19,696:     INFO - train_onlyFLow:  Epoch: 288
2025-08-08 11:01:19,866:     INFO - flowDet_mmdet.utils.training_utils:  mean nll is 1.983.
2025-08-08 11:01:19,866:     INFO - train_onlyFLow:  Epoch: 289
2025-08-08 11:01:20,041:     INFO - flowDet_mmdet.utils.training_utils:  mean nll is 1.986.
2025-08-08 11:01:20,041:     INFO - train_onlyFLow:  Epoch: 290
2025-08-08 11:01:20,216:     INFO - flowDet_mmdet.utils.training_utils:  mean nll is 1.982.
2025-08-08 11:01:20,217:     INFO - train_onlyFLow:  Epoch: 291
2025-08-08 11:01:20,385:     INFO - flowDet_mmdet.utils.training_utils:  mean nll is 1.982.
2025-08-08 11:01:20,385:     INFO - train_onlyFLow:  Epoch: 292
2025-08-08 11:01:20,557:     INFO - flowDet_mmdet.utils.training_utils:  mean nll is 1.985.
2025-08-08 11:01:20,557:     INFO - train_onlyFLow:  Epoch: 293
2025-08-08 11:01:20,731:     INFO - flowDet_mmdet.utils.training_utils:  mean nll is 1.983.
2025-08-08 11:01:20,731:     INFO - train_onlyFLow:  Epoch: 294
2025-08-08 11:01:20,905:     INFO - flowDet_mmdet.utils.training_utils:  mean nll is 1.988.
2025-08-08 11:01:20,906:     INFO - train_onlyFLow:  Epoch: 295
2025-08-08 11:01:21,081:     INFO - flowDet_mmdet.utils.training_utils:  mean nll is 1.983.
2025-08-08 11:01:21,081:     INFO - train_onlyFLow:  Epoch: 296
2025-08-08 11:01:21,256:     INFO - flowDet_mmdet.utils.training_utils:  mean nll is 1.988.
2025-08-08 11:01:21,256:     INFO - train_onlyFLow:  Epoch: 297
2025-08-08 11:01:21,421:     INFO - flowDet_mmdet.utils.training_utils:  mean nll is 1.985.
2025-08-08 11:01:21,421:     INFO - train_onlyFLow:  Epoch: 298
2025-08-08 11:01:21,594:     INFO - flowDet_mmdet.utils.training_utils:  mean nll is 1.987.
2025-08-08 11:01:21,595:     INFO - train_onlyFLow:  Epoch: 299
2025-08-08 11:01:21,761:     INFO - flowDet_mmdet.utils.training_utils:  mean nll is 1.985.
2025-08-08 11:01:21,762:     INFO - train_onlyFLow:  Epoch: 300
2025-08-08 11:01:21,936:     INFO - flowDet_mmdet.utils.training_utils:  mean nll is 1.981.
2025-08-08 11:01:21,936:     INFO - train_onlyFLow:  Epoch: 301
2025-08-08 11:01:22,110:     INFO - flowDet_mmdet.utils.training_utils:  mean nll is 1.990.
2025-08-08 11:01:22,111:     INFO - train_onlyFLow:  Epoch: 302
2025-08-08 11:01:22,285:     INFO - flowDet_mmdet.utils.training_utils:  mean nll is 1.985.
2025-08-08 11:01:22,285:     INFO - train_onlyFLow:  Epoch: 303
2025-08-08 11:01:22,461:     INFO - flowDet_mmdet.utils.training_utils:  mean nll is 1.986.
2025-08-08 11:01:22,462:     INFO - train_onlyFLow:  Epoch: 304
2025-08-08 11:01:22,633:     INFO - flowDet_mmdet.utils.training_utils:  mean nll is 1.988.
2025-08-08 11:01:22,633:     INFO - train_onlyFLow:  Epoch: 305
2025-08-08 11:01:22,806:     INFO - flowDet_mmdet.utils.training_utils:  mean nll is 1.988.
2025-08-08 11:01:22,806:     INFO - train_onlyFLow:  Epoch: 306
2025-08-08 11:01:22,977:     INFO - flowDet_mmdet.utils.training_utils:  mean nll is 1.984.
2025-08-08 11:01:22,978:     INFO - train_onlyFLow:  Epoch: 307
2025-08-08 11:01:23,149:     INFO - flowDet_mmdet.utils.training_utils:  mean nll is 1.990.
2025-08-08 11:01:23,150:     INFO - train_onlyFLow:  Epoch: 308
2025-08-08 11:01:23,324:     INFO - flowDet_mmdet.utils.training_utils:  mean nll is 1.984.
2025-08-08 11:01:23,325:     INFO - train_onlyFLow:  Epoch: 309
2025-08-08 11:01:23,499:     INFO - flowDet_mmdet.utils.training_utils:  mean nll is 1.982.
2025-08-08 11:01:23,499:     INFO - train_onlyFLow:  Epoch: 310
2025-08-08 11:01:23,668:     INFO - flowDet_mmdet.utils.training_utils:  mean nll is 1.984.
2025-08-08 11:01:23,669:     INFO - train_onlyFLow:  Epoch: 311
2025-08-08 11:01:23,837:     INFO - flowDet_mmdet.utils.training_utils:  mean nll is 1.981.
2025-08-08 11:01:23,837:     INFO - train_onlyFLow:  Epoch: 312
2025-08-08 11:01:24,012:     INFO - flowDet_mmdet.utils.training_utils:  mean nll is 1.982.
2025-08-08 11:01:24,012:     INFO - train_onlyFLow:  Epoch: 313
2025-08-08 11:01:24,183:     INFO - flowDet_mmdet.utils.training_utils:  mean nll is 1.987.
2025-08-08 11:01:24,184:     INFO - train_onlyFLow:  Epoch: 314
2025-08-08 11:01:24,358:     INFO - flowDet_mmdet.utils.training_utils:  mean nll is 1.981.
2025-08-08 11:01:24,359:     INFO - train_onlyFLow:  Epoch: 315
2025-08-08 11:01:24,529:     INFO - flowDet_mmdet.utils.training_utils:  mean nll is 1.984.
2025-08-08 11:01:24,530:     INFO - train_onlyFLow:  Epoch: 316
2025-08-08 11:01:24,700:     INFO - flowDet_mmdet.utils.training_utils:  mean nll is 1.983.
2025-08-08 11:01:24,701:     INFO - train_onlyFLow:  Epoch: 317
2025-08-08 11:01:24,872:     INFO - flowDet_mmdet.utils.training_utils:  mean nll is 1.980.
2025-08-08 11:01:24,873:     INFO - train_onlyFLow:  Epoch: 318
2025-08-08 11:01:25,044:     INFO - flowDet_mmdet.utils.training_utils:  mean nll is 1.982.
2025-08-08 11:01:25,045:     INFO - train_onlyFLow:  Epoch: 319
2025-08-08 11:01:25,217:     INFO - flowDet_mmdet.utils.training_utils:  mean nll is 1.982.
2025-08-08 11:01:25,218:     INFO - train_onlyFLow:  Epoch: 320
2025-08-08 11:01:25,384:     INFO - flowDet_mmdet.utils.training_utils:  mean nll is 1.980.
2025-08-08 11:01:25,385:     INFO - train_onlyFLow:  Epoch: 321
2025-08-08 11:01:25,558:     INFO - flowDet_mmdet.utils.training_utils:  mean nll is 1.984.
2025-08-08 11:01:25,558:     INFO - train_onlyFLow:  Epoch: 322
2025-08-08 11:01:25,731:     INFO - flowDet_mmdet.utils.training_utils:  mean nll is 1.982.
2025-08-08 11:01:25,731:     INFO - train_onlyFLow:  Epoch: 323
2025-08-08 11:01:25,902:     INFO - flowDet_mmdet.utils.training_utils:  mean nll is 1.981.
2025-08-08 11:01:25,902:     INFO - train_onlyFLow:  Epoch: 324
2025-08-08 11:01:26,071:     INFO - flowDet_mmdet.utils.training_utils:  mean nll is 1.984.
2025-08-08 11:01:26,071:     INFO - train_onlyFLow:  Epoch: 325
2025-08-08 11:01:26,249:     INFO - flowDet_mmdet.utils.training_utils:  mean nll is 1.979.
2025-08-08 11:01:26,249:     INFO - train_onlyFLow:  Epoch: 326
2025-08-08 11:01:26,423:     INFO - flowDet_mmdet.utils.training_utils:  mean nll is 1.996.
2025-08-08 11:01:26,424:     INFO - train_onlyFLow:  Epoch: 327
2025-08-08 11:01:26,590:     INFO - flowDet_mmdet.utils.training_utils:  mean nll is 1.988.
2025-08-08 11:01:26,590:     INFO - train_onlyFLow:  Epoch: 328
2025-08-08 11:01:26,761:     INFO - flowDet_mmdet.utils.training_utils:  mean nll is 2.062.
2025-08-08 11:01:26,762:     INFO - train_onlyFLow:  Epoch: 329
2025-08-08 11:01:26,934:     INFO - flowDet_mmdet.utils.training_utils:  mean nll is 2.088.
2025-08-08 11:01:26,935:     INFO - train_onlyFLow:  Epoch: 330
2025-08-08 11:01:27,106:     INFO - flowDet_mmdet.utils.training_utils:  mean nll is 2.320.
2025-08-08 11:01:27,106:     INFO - train_onlyFLow:  Epoch: 331
2025-08-08 11:01:27,278:     INFO - flowDet_mmdet.utils.training_utils:  mean nll is 2.150.
2025-08-08 11:01:27,279:     INFO - train_onlyFLow:  Epoch: 332
2025-08-08 11:01:27,445:     INFO - flowDet_mmdet.utils.training_utils:  mean nll is 2.176.
2025-08-08 11:01:27,445:     INFO - train_onlyFLow:  Epoch: 333
2025-08-08 11:01:27,615:     INFO - flowDet_mmdet.utils.training_utils:  mean nll is 2.086.
2025-08-08 11:01:27,616:     INFO - train_onlyFLow:  Epoch: 334
2025-08-08 11:01:27,789:     INFO - flowDet_mmdet.utils.training_utils:  mean nll is 2.058.
2025-08-08 11:01:27,789:     INFO - train_onlyFLow:  Epoch: 335
2025-08-08 11:01:27,964:     INFO - flowDet_mmdet.utils.training_utils:  mean nll is 2.033.
2025-08-08 11:01:27,965:     INFO - train_onlyFLow:  Epoch: 336
2025-08-08 11:01:28,136:     INFO - flowDet_mmdet.utils.training_utils:  mean nll is 2.029.
2025-08-08 11:01:28,137:     INFO - train_onlyFLow:  Epoch: 337
2025-08-08 11:01:28,304:     INFO - flowDet_mmdet.utils.training_utils:  mean nll is 2.024.
2025-08-08 11:01:28,305:     INFO - train_onlyFLow:  Epoch: 338
2025-08-08 11:01:28,477:     INFO - flowDet_mmdet.utils.training_utils:  mean nll is 2.017.
2025-08-08 11:01:28,477:     INFO - train_onlyFLow:  Epoch: 339
2025-08-08 11:01:28,649:     INFO - flowDet_mmdet.utils.training_utils:  mean nll is 2.012.
2025-08-08 11:01:28,649:     INFO - train_onlyFLow:  Epoch: 340
2025-08-08 11:01:28,819:     INFO - flowDet_mmdet.utils.training_utils:  mean nll is 2.009.
2025-08-08 11:01:28,820:     INFO - train_onlyFLow:  Epoch: 341
2025-08-08 11:01:28,994:     INFO - flowDet_mmdet.utils.training_utils:  mean nll is 2.012.
2025-08-08 11:01:28,994:     INFO - train_onlyFLow:  Epoch: 342
2025-08-08 11:01:29,162:     INFO - flowDet_mmdet.utils.training_utils:  mean nll is 2.005.
2025-08-08 11:01:29,162:     INFO - train_onlyFLow:  Epoch: 343
2025-08-08 11:01:29,334:     INFO - flowDet_mmdet.utils.training_utils:  mean nll is 2.003.
2025-08-08 11:01:29,334:     INFO - train_onlyFLow:  Epoch: 344
2025-08-08 11:01:29,505:     INFO - flowDet_mmdet.utils.training_utils:  mean nll is 2.000.
2025-08-08 11:01:29,506:     INFO - train_onlyFLow:  Epoch: 345
2025-08-08 11:01:29,679:     INFO - flowDet_mmdet.utils.training_utils:  mean nll is 2.003.
2025-08-08 11:01:29,679:     INFO - train_onlyFLow:  Epoch: 346
2025-08-08 11:01:29,857:     INFO - flowDet_mmdet.utils.training_utils:  mean nll is 2.000.
2025-08-08 11:01:29,857:     INFO - train_onlyFLow:  Epoch: 347
2025-08-08 11:01:30,027:     INFO - flowDet_mmdet.utils.training_utils:  mean nll is 1.998.
2025-08-08 11:01:30,027:     INFO - train_onlyFLow:  Epoch: 348
2025-08-08 11:01:30,194:     INFO - flowDet_mmdet.utils.training_utils:  mean nll is 1.999.
2025-08-08 11:01:30,194:     INFO - train_onlyFLow:  Epoch: 349
2025-08-08 11:01:30,364:     INFO - flowDet_mmdet.utils.training_utils:  mean nll is 1.995.
2025-08-08 11:01:30,365:     INFO - train_onlyFLow:  Epoch: 350
2025-08-08 11:01:30,540:     INFO - flowDet_mmdet.utils.training_utils:  mean nll is 1.996.
2025-08-08 11:01:30,540:     INFO - train_onlyFLow:  Epoch: 351
2025-08-08 11:01:30,711:     INFO - flowDet_mmdet.utils.training_utils:  mean nll is 1.994.
2025-08-08 11:01:30,712:     INFO - train_onlyFLow:  Epoch: 352
2025-08-08 11:01:30,886:     INFO - flowDet_mmdet.utils.training_utils:  mean nll is 1.995.
2025-08-08 11:01:30,887:     INFO - train_onlyFLow:  Epoch: 353
2025-08-08 11:01:31,057:     INFO - flowDet_mmdet.utils.training_utils:  mean nll is 1.993.
2025-08-08 11:01:31,058:     INFO - train_onlyFLow:  Epoch: 354
2025-08-08 11:01:31,228:     INFO - flowDet_mmdet.utils.training_utils:  mean nll is 1.992.
2025-08-08 11:01:31,229:     INFO - train_onlyFLow:  Epoch: 355
2025-08-08 11:01:31,399:     INFO - flowDet_mmdet.utils.training_utils:  mean nll is 1.992.
2025-08-08 11:01:31,399:     INFO - train_onlyFLow:  Epoch: 356
2025-08-08 11:01:31,567:     INFO - flowDet_mmdet.utils.training_utils:  mean nll is 1.990.
2025-08-08 11:01:31,568:     INFO - train_onlyFLow:  Epoch: 357
2025-08-08 11:01:31,743:     INFO - flowDet_mmdet.utils.training_utils:  mean nll is 1.991.
2025-08-08 11:01:31,744:     INFO - train_onlyFLow:  Epoch: 358
2025-08-08 11:01:31,922:     INFO - flowDet_mmdet.utils.training_utils:  mean nll is 1.986.
2025-08-08 11:01:31,923:     INFO - train_onlyFLow:  Epoch: 359
2025-08-08 11:01:32,089:     INFO - flowDet_mmdet.utils.training_utils:  mean nll is 1.987.
2025-08-08 11:01:32,089:     INFO - train_onlyFLow:  Epoch: 360
2025-08-08 11:01:32,261:     INFO - flowDet_mmdet.utils.training_utils:  mean nll is 1.985.
2025-08-08 11:01:32,261:     INFO - train_onlyFLow:  Epoch: 361
2025-08-08 11:01:32,427:     INFO - flowDet_mmdet.utils.training_utils:  mean nll is 1.985.
2025-08-08 11:01:32,427:     INFO - train_onlyFLow:  Epoch: 362
2025-08-08 11:01:32,595:     INFO - flowDet_mmdet.utils.training_utils:  mean nll is 1.982.
2025-08-08 11:01:32,595:     INFO - train_onlyFLow:  Epoch: 363
2025-08-08 11:01:32,767:     INFO - flowDet_mmdet.utils.training_utils:  mean nll is 1.981.
2025-08-08 11:01:32,767:     INFO - train_onlyFLow:  Epoch: 364
2025-08-08 11:01:32,944:     INFO - flowDet_mmdet.utils.training_utils:  mean nll is 1.980.
2025-08-08 11:01:32,944:     INFO - train_onlyFLow:  Epoch: 365
2025-08-08 11:01:33,119:     INFO - flowDet_mmdet.utils.training_utils:  mean nll is 1.978.
2025-08-08 11:01:33,120:     INFO - train_onlyFLow:  Epoch: 366
2025-08-08 11:01:33,294:     INFO - flowDet_mmdet.utils.training_utils:  mean nll is 1.978.
2025-08-08 11:01:33,294:     INFO - train_onlyFLow:  Epoch: 367
2025-08-08 11:01:33,465:     INFO - flowDet_mmdet.utils.training_utils:  mean nll is 1.982.
2025-08-08 11:01:33,465:     INFO - train_onlyFLow:  Epoch: 368
2025-08-08 11:01:33,635:     INFO - flowDet_mmdet.utils.training_utils:  mean nll is 1.979.
2025-08-08 11:01:33,635:     INFO - train_onlyFLow:  Epoch: 369
2025-08-08 11:01:33,809:     INFO - flowDet_mmdet.utils.training_utils:  mean nll is 1.978.
2025-08-08 11:01:33,810:     INFO - train_onlyFLow:  Epoch: 370
2025-08-08 11:01:33,974:     INFO - flowDet_mmdet.utils.training_utils:  mean nll is 1.975.
2025-08-08 11:01:33,975:     INFO - train_onlyFLow:  Epoch: 371
2025-08-08 11:01:34,146:     INFO - flowDet_mmdet.utils.training_utils:  mean nll is 1.977.
2025-08-08 11:01:34,147:     INFO - train_onlyFLow:  Epoch: 372
2025-08-08 11:01:34,323:     INFO - flowDet_mmdet.utils.training_utils:  mean nll is 1.971.
2025-08-08 11:01:34,324:     INFO - train_onlyFLow:  Epoch: 373
2025-08-08 11:01:34,497:     INFO - flowDet_mmdet.utils.training_utils:  mean nll is 1.973.
2025-08-08 11:01:34,498:     INFO - train_onlyFLow:  Epoch: 374
2025-08-08 11:01:34,673:     INFO - flowDet_mmdet.utils.training_utils:  mean nll is 1.972.
2025-08-08 11:01:34,674:     INFO - train_onlyFLow:  Epoch: 375
2025-08-08 11:01:34,847:     INFO - flowDet_mmdet.utils.training_utils:  mean nll is 1.974.
2025-08-08 11:01:34,847:     INFO - train_onlyFLow:  Epoch: 376
2025-08-08 11:01:35,017:     INFO - flowDet_mmdet.utils.training_utils:  mean nll is 1.977.
2025-08-08 11:01:35,017:     INFO - train_onlyFLow:  Epoch: 377
2025-08-08 11:01:35,190:     INFO - flowDet_mmdet.utils.training_utils:  mean nll is 1.972.
2025-08-08 11:01:35,191:     INFO - train_onlyFLow:  Epoch: 378
2025-08-08 11:01:35,360:     INFO - flowDet_mmdet.utils.training_utils:  mean nll is 1.971.
2025-08-08 11:01:35,360:     INFO - train_onlyFLow:  Epoch: 379
2025-08-08 11:01:35,531:     INFO - flowDet_mmdet.utils.training_utils:  mean nll is 1.967.
2025-08-08 11:01:35,531:     INFO - train_onlyFLow:  Epoch: 380
2025-08-08 11:01:35,698:     INFO - flowDet_mmdet.utils.training_utils:  mean nll is 1.966.
2025-08-08 11:01:35,699:     INFO - train_onlyFLow:  Epoch: 381
2025-08-08 11:01:35,868:     INFO - flowDet_mmdet.utils.training_utils:  mean nll is 1.967.
2025-08-08 11:01:35,868:     INFO - train_onlyFLow:  Epoch: 382
2025-08-08 11:01:36,042:     INFO - flowDet_mmdet.utils.training_utils:  mean nll is 1.968.
2025-08-08 11:01:36,042:     INFO - train_onlyFLow:  Epoch: 383
2025-08-08 11:01:36,218:     INFO - flowDet_mmdet.utils.training_utils:  mean nll is 1.967.
2025-08-08 11:01:36,219:     INFO - train_onlyFLow:  Epoch: 384
2025-08-08 11:01:36,389:     INFO - flowDet_mmdet.utils.training_utils:  mean nll is 1.966.
2025-08-08 11:01:36,389:     INFO - train_onlyFLow:  Epoch: 385
2025-08-08 11:01:36,560:     INFO - flowDet_mmdet.utils.training_utils:  mean nll is 1.968.
2025-08-08 11:01:36,561:     INFO - train_onlyFLow:  Epoch: 386
2025-08-08 11:01:36,735:     INFO - flowDet_mmdet.utils.training_utils:  mean nll is 1.965.
2025-08-08 11:01:36,735:     INFO - train_onlyFLow:  Epoch: 387
2025-08-08 11:01:36,903:     INFO - flowDet_mmdet.utils.training_utils:  mean nll is 1.963.
2025-08-08 11:01:36,903:     INFO - train_onlyFLow:  Epoch: 388
2025-08-08 11:01:37,074:     INFO - flowDet_mmdet.utils.training_utils:  mean nll is 1.964.
2025-08-08 11:01:37,074:     INFO - train_onlyFLow:  Epoch: 389
2025-08-08 11:01:37,251:     INFO - flowDet_mmdet.utils.training_utils:  mean nll is 1.965.
2025-08-08 11:01:37,252:     INFO - train_onlyFLow:  Epoch: 390
2025-08-08 11:01:37,423:     INFO - flowDet_mmdet.utils.training_utils:  mean nll is 1.960.
2025-08-08 11:01:37,423:     INFO - train_onlyFLow:  Epoch: 391
2025-08-08 11:01:37,594:     INFO - flowDet_mmdet.utils.training_utils:  mean nll is 1.971.
2025-08-08 11:01:37,595:     INFO - train_onlyFLow:  Epoch: 392
2025-08-08 11:01:37,769:     INFO - flowDet_mmdet.utils.training_utils:  mean nll is 1.965.
2025-08-08 11:01:37,769:     INFO - train_onlyFLow:  Epoch: 393
2025-08-08 11:01:37,942:     INFO - flowDet_mmdet.utils.training_utils:  mean nll is 1.965.
2025-08-08 11:01:37,942:     INFO - train_onlyFLow:  Epoch: 394
2025-08-08 11:01:38,111:     INFO - flowDet_mmdet.utils.training_utils:  mean nll is 1.967.
2025-08-08 11:01:38,112:     INFO - train_onlyFLow:  Epoch: 395
2025-08-08 11:01:38,285:     INFO - flowDet_mmdet.utils.training_utils:  mean nll is 1.961.
2025-08-08 11:01:38,286:     INFO - train_onlyFLow:  Epoch: 396
2025-08-08 11:01:38,459:     INFO - flowDet_mmdet.utils.training_utils:  mean nll is 1.962.
2025-08-08 11:01:38,459:     INFO - train_onlyFLow:  Epoch: 397
2025-08-08 11:01:38,627:     INFO - flowDet_mmdet.utils.training_utils:  mean nll is 1.959.
2025-08-08 11:01:38,627:     INFO - train_onlyFLow:  Epoch: 398
2025-08-08 11:01:38,796:     INFO - flowDet_mmdet.utils.training_utils:  mean nll is 1.959.
2025-08-08 11:01:38,796:     INFO - train_onlyFLow:  Epoch: 399
2025-08-08 11:01:38,968:     INFO - flowDet_mmdet.utils.training_utils:  mean nll is 1.959.
Saving model to /home/chen_le/TMNF/data/trained_weights/YOLOv8/XMLDataset/rnvp/FlowDet_Voc_clsLogits_lru1_lander_yolo/resampled_cls_ib/fixed_prior/beta30.0_sig0.5_T100_eps0.05_3*128_Ini0True_dp0.1_affine_exp_16*[4*64]_Adam_0.0001_bs1024_max400_gnormNone_rnd3/saved_model...
2025-08-08 11:01:38,994:     INFO - train_onlyFLow:  Evaluation on Test set after training:
2025-08-08 11:01:38,994:     INFO - train_onlyFLow:  ##### On Test Set: #####
2025-08-08 11:01:38,995:     INFO - flowDet_mmdet.utils.functional_utils:  Estimating Z...

/home/chen_le/miniforge3/envs/tmnf_mmdet/lib/python3.7/site-packages/numpy/core/fromnumeric.py:3441: RuntimeWarning: Mean of empty slice.
  out=out, **kwargs)
/home/chen_le/miniforge3/envs/tmnf_mmdet/lib/python3.7/site-packages/numpy/core/_methods.py:189: RuntimeWarning: invalid value encountered in true_divide
  ret = ret.dtype.type(ret / rcount)
0it [00:00, ?it/s]1it [00:00, 14.29it/s]2025-08-08 11:01:47,607:     INFO - flowDet_mmdet.utils.functional_utils:  tpKnown_nll after filtering out 0 Nans: 3.884
2025-08-08 11:01:47,608:     INFO - flowDet_mmdet.utils.functional_utils:  fpUnknown_nll after filtering out 0 Nans: 10.489
2025-08-08 11:01:47,609:     INFO - flowDet_mmdet.utils.gmmDet_utils:  Results for Method: rnvp_resampled_cls_ib
2025-08-08 11:01:47,609:     INFO - flowDet_mmdet.utils.gmmDet_utils:  ------ AUPR: 1.0
2025-08-08 11:01:47,609:     INFO - flowDet_mmdet.utils.gmmDet_utils:  ------ AUROC: 1.0
2025-08-08 11:01:47,609:     INFO - flowDet_mmdet.utils.gmmDet_utils:  ------ TPR at 0.0FPR: 100.0
2025-08-08 11:01:47,609:     INFO - flowDet_mmdet.utils.gmmDet_utils:  ------ TPR at 0.0FPR: 100.0
2025-08-08 11:01:47,609:     INFO - flowDet_mmdet.utils.gmmDet_utils:  ------ TPR at 0.0FPR: 100.0


In directory:/home/chen_le/TMNF/examples/flowDet
Training and testing NF  for rnvp_logits_rbf_cls_ib ...
Matplotlib created a temporary config/cache directory at /tmp/matplotlib-6fvr3ks5 because the default path (/run/user/163992/.cache/matplotlib) is not a writable directory; it is highly recommended to set the MPLCONFIGDIR environment variable to a writable directory, in particular to speed up the import of Matplotlib and to better support multiprocessing.
Host: rmc-gpu03
Conda: /home/chen_le/miniforge3/condabin/conda
/home/chen_le/TMNF/examples/flowDet
sh: VERSION: command not found
Version:
Warning: Dependencies for Boltzmann generators could not be loaded. Other models can still be used.
Warning: Dependencies for Boltzmann generators could not be loaded. Other models can still be used.
FLOWDET_CONFIG_ROOT: /home/chen_le/TMNF/configs
Loading config file: /home/chen_le/TMNF/configs/flowDet/train/onlyFlow_voc/oF_frcnn_voc_rnvp_logits_rbf_cls_ib_lru1_lru2_yolo.py
adding logging file /home/chen_le/TMNF/data/trained_weights/YOLOv8/XMLDataset/rnvp/FlowDet_Voc_clsLogits_lru1_lru2_yolo/resampled_cls_ib/fixed_prior/beta30.0_sig0.5_T100_eps0.05_3*128_Ini0True_dp0.1_affine_exp_16*[4*64]_Adam_0.0001_bs1024_max400_gnormNone_rnd3/20250808_110152.log
adding logging file /home/chen_le/TMNF/data/trained_weights/YOLOv8/XMLDataset/rnvp/FlowDet_Voc_clsLogits_lru1_lru2_yolo/resampled_cls_ib/fixed_prior/beta30.0_sig0.5_T100_eps0.05_3*128_Ini0True_dp0.1_affine_exp_16*[4*64]_Adam_0.0001_bs1024_max400_gnormNone_rnd3/20250808_110152.log
2025-08-08 11:01:52,724:     INFO - flowDet_mmdet.utils.functional_utils:  data_type: eval
2025-08-08 11:01:52,768:     INFO - flowDet_mmdet.utils.functional_utils:  testTypes: (517,)
2025-08-08 11:01:52,768:     INFO - flowDet_mmdet.utils.functional_utils:  testLogits: (517, 2)
2025-08-08 11:01:52,768:     INFO - flowDet_mmdet.utils.functional_utils:  testFeats: (0,)
2025-08-08 11:01:52,768:     INFO - train_onlyFLow:  test #type 0: 1
2025-08-08 11:01:52,768:     INFO - train_onlyFLow:  test #type 1: 478
2025-08-08 11:01:52,768:     INFO - train_onlyFLow:  test #type 2: 1
2025-08-08 11:01:52,768:     INFO - flowDet_mmdet.utils.functional_utils:  data_type: eval
2025-08-08 11:01:52,786:     INFO - flowDet_mmdet.utils.functional_utils:  testTypes: (455,)
2025-08-08 11:01:52,786:     INFO - flowDet_mmdet.utils.functional_utils:  testLogits: (455, 2)
2025-08-08 11:01:52,786:     INFO - flowDet_mmdet.utils.functional_utils:  testFeats: (0,)
2025-08-08 11:01:52,787:     INFO - train_onlyFLow:  val #type 0: 0
2025-08-08 11:01:52,787:     INFO - train_onlyFLow:  val #type 1: 449
2025-08-08 11:01:52,787:     INFO - train_onlyFLow:  val #type 2: 0
2025-08-08 11:01:52,787:     INFO - flowDet_mmdet.utils.functional_utils:  data_type: train
2025-08-08 11:01:52,788:     INFO - flowDet_mmdet.utils.functional_utils:  trainLogits: (0,)
2025-08-08 11:01:52,788:     INFO - flowDet_mmdet.utils.functional_utils:  trainLabels: (0,)
hyper-params: beta30.0_sig0.5_T100_eps0.05_3*128_Ini0True_dp0.1_affine_exp_16*[4*64]_Adam_0.0001_bs1024_max400_gnormNone
2025-08-08 11:01:54,986:     INFO - train_onlyFLow:  Epoch: 0
2025-08-08 11:01:54,986:     INFO - train_onlyFLow:  ##### On Val Set: #####
/home/chen_le/miniforge3/envs/tmnf_mmdet/lib/python3.7/site-packages/torch/optim/adam.py:48: UserWarning: optimizer contains a parameter group with duplicate parameters; in future, this will cause an error; see github.com/pytorch/pytorch/issues/40967 for more information
  super(Adam, self).__init__(params, defaults)
0it [00:00, ?it/s]1it [00:00, 53.41it/s]2025-08-08 11:01:55,008:     INFO - flowDet_mmdet.utils.functional_utils:  tpKnown_nll after filtering out 0 Nans: nan
2025-08-08 11:01:55,008:     INFO - flowDet_mmdet.utils.functional_utils:  fpUnknown_nll after filtering out 0 Nans: 3.434
adding logging file /home/chen_le/TMNF/data/trained_weights/YOLOv8/XMLDataset/rnvp/FlowDet_Voc_clsLogits_lru1_lru2_yolo/resampled_cls_ib/fixed_prior/beta30.0_sig0.5_T100_eps0.05_3*128_Ini0True_dp0.1_affine_exp_16*[4*64]_Adam_0.0001_bs1024_max400_gnormNone_rnd3/20250808_110152.log
Warning: No known-class detections (inData is empty). AUROC undefined.
Warning: No valid fpr point
Warning: No valid fpr point
Warning: No valid fpr point
2025-08-08 11:01:55,016:     INFO - flowDet_mmdet.utils.gmmDet_utils:  Results for Method: rnvp_resampled_cls_ib
2025-08-08 11:01:55,016:     INFO - flowDet_mmdet.utils.gmmDet_utils:  ------ AUPR: nan
2025-08-08 11:01:55,016:     INFO - flowDet_mmdet.utils.gmmDet_utils:  ------ AUROC: 0.0
2025-08-08 11:01:55,016:     INFO - flowDet_mmdet.utils.gmmDet_utils:  ------ TPR at 5.0FPR: 0.0
2025-08-08 11:01:55,016:     INFO - flowDet_mmdet.utils.gmmDet_utils:  ------ TPR at 10.0FPR: 0.0
2025-08-08 11:01:55,017:     INFO - flowDet_mmdet.utils.gmmDet_utils:  ------ TPR at 20.0FPR: 0.0
2025-08-08 11:01:55,017:     INFO - train_onlyFLow:  Because early_stop_iter is 0, we train the model with epochs 400.
adding logging file /home/chen_le/TMNF/data/trained_weights/YOLOv8/XMLDataset/rnvp/FlowDet_Voc_clsLogits_lru1_lru2_yolo/resampled_cls_ib/fixed_prior/beta30.0_sig0.5_T100_eps0.05_3*128_Ini0True_dp0.1_affine_exp_16*[4*64]_Adam_0.0001_bs1024_max400_gnormNone_rnd3/20250808_110152.log
2025-08-08 11:01:55,018:     INFO - flowDet_mmdet.utils.training_utils:  mean nll is nan.
2025-08-08 11:01:55,018:     INFO - train_onlyFLow:  Epoch: 1
2025-08-08 11:01:55,019:     INFO - flowDet_mmdet.utils.training_utils:  mean nll is nan.
2025-08-08 11:01:55,019:     INFO - train_onlyFLow:  Epoch: 2
2025-08-08 11:01:55,020:     INFO - flowDet_mmdet.utils.training_utils:  mean nll is nan.
2025-08-08 11:01:55,020:     INFO - train_onlyFLow:  Epoch: 3
2025-08-08 11:01:55,021:     INFO - flowDet_mmdet.utils.training_utils:  mean nll is nan.
2025-08-08 11:01:55,021:     INFO - train_onlyFLow:  Epoch: 4
2025-08-08 11:01:55,022:     INFO - flowDet_mmdet.utils.training_utils:  mean nll is nan.
2025-08-08 11:01:55,022:     INFO - train_onlyFLow:  Epoch: 5
2025-08-08 11:01:55,023:     INFO - flowDet_mmdet.utils.training_utils:  mean nll is nan.
2025-08-08 11:01:55,023:     INFO - train_onlyFLow:  Epoch: 6
2025-08-08 11:01:55,024:     INFO - flowDet_mmdet.utils.training_utils:  mean nll is nan.
2025-08-08 11:01:55,024:     INFO - train_onlyFLow:  Epoch: 7
2025-08-08 11:01:55,025:     INFO - flowDet_mmdet.utils.training_utils:  mean nll is nan.
2025-08-08 11:01:55,025:     INFO - train_onlyFLow:  Epoch: 8
2025-08-08 11:01:55,025:     INFO - flowDet_mmdet.utils.training_utils:  mean nll is nan.
2025-08-08 11:01:55,026:     INFO - train_onlyFLow:  Epoch: 9
2025-08-08 11:01:55,026:     INFO - flowDet_mmdet.utils.training_utils:  mean nll is nan.
2025-08-08 11:01:55,026:     INFO - train_onlyFLow:  Epoch: 10
2025-08-08 11:01:55,027:     INFO - flowDet_mmdet.utils.training_utils:  mean nll is nan.
2025-08-08 11:01:55,027:     INFO - train_onlyFLow:  Epoch: 11
2025-08-08 11:01:55,028:     INFO - flowDet_mmdet.utils.training_utils:  mean nll is nan.
2025-08-08 11:01:55,028:     INFO - train_onlyFLow:  Epoch: 12
2025-08-08 11:01:55,029:     INFO - flowDet_mmdet.utils.training_utils:  mean nll is nan.
2025-08-08 11:01:55,029:     INFO - train_onlyFLow:  Epoch: 13
2025-08-08 11:01:55,030:     INFO - flowDet_mmdet.utils.training_utils:  mean nll is nan.
2025-08-08 11:01:55,030:     INFO - train_onlyFLow:  Epoch: 14
2025-08-08 11:01:55,031:     INFO - flowDet_mmdet.utils.training_utils:  mean nll is nan.
2025-08-08 11:01:55,031:     INFO - train_onlyFLow:  Epoch: 15
2025-08-08 11:01:55,032:     INFO - flowDet_mmdet.utils.training_utils:  mean nll is nan.
2025-08-08 11:01:55,032:     INFO - train_onlyFLow:  Epoch: 16
2025-08-08 11:01:55,033:     INFO - flowDet_mmdet.utils.training_utils:  mean nll is nan.
2025-08-08 11:01:55,033:     INFO - train_onlyFLow:  Epoch: 17
2025-08-08 11:01:55,034:     INFO - flowDet_mmdet.utils.training_utils:  mean nll is nan.
2025-08-08 11:01:55,034:     INFO - train_onlyFLow:  Epoch: 18
2025-08-08 11:01:55,035:     INFO - flowDet_mmdet.utils.training_utils:  mean nll is nan.
2025-08-08 11:01:55,035:     INFO - train_onlyFLow:  Epoch: 19
2025-08-08 11:01:55,036:     INFO - flowDet_mmdet.utils.training_utils:  mean nll is nan.
2025-08-08 11:01:55,036:     INFO - train_onlyFLow:  Epoch: 20
2025-08-08 11:01:55,036:     INFO - flowDet_mmdet.utils.training_utils:  mean nll is nan.
2025-08-08 11:01:55,036:     INFO - train_onlyFLow:  Epoch: 21
2025-08-08 11:01:55,037:     INFO - flowDet_mmdet.utils.training_utils:  mean nll is nan.
2025-08-08 11:01:55,037:     INFO - train_onlyFLow:  Epoch: 22
2025-08-08 11:01:55,038:     INFO - flowDet_mmdet.utils.training_utils:  mean nll is nan.
2025-08-08 11:01:55,038:     INFO - train_onlyFLow:  Epoch: 23
2025-08-08 11:01:55,039:     INFO - flowDet_mmdet.utils.training_utils:  mean nll is nan.
2025-08-08 11:01:55,039:     INFO - train_onlyFLow:  Epoch: 24
2025-08-08 11:01:55,040:     INFO - flowDet_mmdet.utils.training_utils:  mean nll is nan.
2025-08-08 11:01:55,040:     INFO - train_onlyFLow:  Epoch: 25
2025-08-08 11:01:55,041:     INFO - flowDet_mmdet.utils.training_utils:  mean nll is nan.
2025-08-08 11:01:55,041:     INFO - train_onlyFLow:  Epoch: 26
2025-08-08 11:01:55,042:     INFO - flowDet_mmdet.utils.training_utils:  mean nll is nan.
2025-08-08 11:01:55,042:     INFO - train_onlyFLow:  Epoch: 27
2025-08-08 11:01:55,043:     INFO - flowDet_mmdet.utils.training_utils:  mean nll is nan.
2025-08-08 11:01:55,043:     INFO - train_onlyFLow:  Epoch: 28
2025-08-08 11:01:55,044:     INFO - flowDet_mmdet.utils.training_utils:  mean nll is nan.
2025-08-08 11:01:55,044:     INFO - train_onlyFLow:  Epoch: 29
2025-08-08 11:01:55,045:     INFO - flowDet_mmdet.utils.training_utils:  mean nll is nan.
2025-08-08 11:01:55,045:     INFO - train_onlyFLow:  Epoch: 30
2025-08-08 11:01:55,046:     INFO - flowDet_mmdet.utils.training_utils:  mean nll is nan.
2025-08-08 11:01:55,046:     INFO - train_onlyFLow:  Epoch: 31
2025-08-08 11:01:55,046:     INFO - flowDet_mmdet.utils.training_utils:  mean nll is nan.
2025-08-08 11:01:55,047:     INFO - train_onlyFLow:  Epoch: 32
2025-08-08 11:01:55,047:     INFO - flowDet_mmdet.utils.training_utils:  mean nll is nan.
2025-08-08 11:01:55,047:     INFO - train_onlyFLow:  Epoch: 33
2025-08-08 11:01:55,048:     INFO - flowDet_mmdet.utils.training_utils:  mean nll is nan.
2025-08-08 11:01:55,048:     INFO - train_onlyFLow:  Epoch: 34
2025-08-08 11:01:55,049:     INFO - flowDet_mmdet.utils.training_utils:  mean nll is nan.
2025-08-08 11:01:55,049:     INFO - train_onlyFLow:  Epoch: 35
2025-08-08 11:01:55,050:     INFO - flowDet_mmdet.utils.training_utils:  mean nll is nan.
2025-08-08 11:01:55,050:     INFO - train_onlyFLow:  Epoch: 36
2025-08-08 11:01:55,051:     INFO - flowDet_mmdet.utils.training_utils:  mean nll is nan.
2025-08-08 11:01:55,051:     INFO - train_onlyFLow:  Epoch: 37
2025-08-08 11:01:55,052:     INFO - flowDet_mmdet.utils.training_utils:  mean nll is nan.
2025-08-08 11:01:55,052:     INFO - train_onlyFLow:  Epoch: 38
2025-08-08 11:01:55,053:     INFO - flowDet_mmdet.utils.training_utils:  mean nll is nan.
2025-08-08 11:01:55,053:     INFO - train_onlyFLow:  Epoch: 39
2025-08-08 11:01:55,054:     INFO - flowDet_mmdet.utils.training_utils:  mean nll is nan.
2025-08-08 11:01:55,054:     INFO - train_onlyFLow:  Epoch: 40
2025-08-08 11:01:55,055:     INFO - flowDet_mmdet.utils.training_utils:  mean nll is nan.
2025-08-08 11:01:55,055:     INFO - train_onlyFLow:  Epoch: 41
2025-08-08 11:01:55,056:     INFO - flowDet_mmdet.utils.training_utils:  mean nll is nan.
2025-08-08 11:01:55,056:     INFO - train_onlyFLow:  Epoch: 42
2025-08-08 11:01:55,057:     INFO - flowDet_mmdet.utils.training_utils:  mean nll is nan.
2025-08-08 11:01:55,057:     INFO - train_onlyFLow:  Epoch: 43
2025-08-08 11:01:55,057:     INFO - flowDet_mmdet.utils.training_utils:  mean nll is nan.
2025-08-08 11:01:55,058:     INFO - train_onlyFLow:  Epoch: 44
2025-08-08 11:01:55,058:     INFO - flowDet_mmdet.utils.training_utils:  mean nll is nan.
2025-08-08 11:01:55,058:     INFO - train_onlyFLow:  Epoch: 45
2025-08-08 11:01:55,059:     INFO - flowDet_mmdet.utils.training_utils:  mean nll is nan.
2025-08-08 11:01:55,059:     INFO - train_onlyFLow:  Epoch: 46
2025-08-08 11:01:55,060:     INFO - flowDet_mmdet.utils.training_utils:  mean nll is nan.
2025-08-08 11:01:55,060:     INFO - train_onlyFLow:  Epoch: 47
2025-08-08 11:01:55,061:     INFO - flowDet_mmdet.utils.training_utils:  mean nll is nan.
2025-08-08 11:01:55,061:     INFO - train_onlyFLow:  Epoch: 48
2025-08-08 11:01:55,062:     INFO - flowDet_mmdet.utils.training_utils:  mean nll is nan.
2025-08-08 11:01:55,062:     INFO - train_onlyFLow:  Epoch: 49
2025-08-08 11:01:55,063:     INFO - flowDet_mmdet.utils.training_utils:  mean nll is nan.
2025-08-08 11:01:55,063:     INFO - train_onlyFLow:  Epoch: 50
2025-08-08 11:01:55,064:     INFO - flowDet_mmdet.utils.training_utils:  mean nll is nan.
2025-08-08 11:01:55,064:     INFO - train_onlyFLow:  Epoch: 51
2025-08-08 11:01:55,065:     INFO - flowDet_mmdet.utils.training_utils:  mean nll is nan.
2025-08-08 11:01:55,065:     INFO - train_onlyFLow:  Epoch: 52
2025-08-08 11:01:55,066:     INFO - flowDet_mmdet.utils.training_utils:  mean nll is nan.
2025-08-08 11:01:55,066:     INFO - train_onlyFLow:  Epoch: 53
2025-08-08 11:01:55,067:     INFO - flowDet_mmdet.utils.training_utils:  mean nll is nan.
2025-08-08 11:01:55,067:     INFO - train_onlyFLow:  Epoch: 54
2025-08-08 11:01:55,067:     INFO - flowDet_mmdet.utils.training_utils:  mean nll is nan.
2025-08-08 11:01:55,068:     INFO - train_onlyFLow:  Epoch: 55
2025-08-08 11:01:55,068:     INFO - flowDet_mmdet.utils.training_utils:  mean nll is nan.
2025-08-08 11:01:55,068:     INFO - train_onlyFLow:  Epoch: 56
2025-08-08 11:01:55,069:     INFO - flowDet_mmdet.utils.training_utils:  mean nll is nan.
2025-08-08 11:01:55,069:     INFO - train_onlyFLow:  Epoch: 57
2025-08-08 11:01:55,070:     INFO - flowDet_mmdet.utils.training_utils:  mean nll is nan.
2025-08-08 11:01:55,070:     INFO - train_onlyFLow:  Epoch: 58
2025-08-08 11:01:55,071:     INFO - flowDet_mmdet.utils.training_utils:  mean nll is nan.
2025-08-08 11:01:55,071:     INFO - train_onlyFLow:  Epoch: 59
2025-08-08 11:01:55,072:     INFO - flowDet_mmdet.utils.training_utils:  mean nll is nan.
2025-08-08 11:01:55,072:     INFO - train_onlyFLow:  Epoch: 60
2025-08-08 11:01:55,073:     INFO - flowDet_mmdet.utils.training_utils:  mean nll is nan.
2025-08-08 11:01:55,073:     INFO - train_onlyFLow:  Epoch: 61
2025-08-08 11:01:55,074:     INFO - flowDet_mmdet.utils.training_utils:  mean nll is nan.
2025-08-08 11:01:55,074:     INFO - train_onlyFLow:  Epoch: 62
2025-08-08 11:01:55,075:     INFO - flowDet_mmdet.utils.training_utils:  mean nll is nan.
2025-08-08 11:01:55,075:     INFO - train_onlyFLow:  Epoch: 63
2025-08-08 11:01:55,076:     INFO - flowDet_mmdet.utils.training_utils:  mean nll is nan.
2025-08-08 11:01:55,076:     INFO - train_onlyFLow:  Epoch: 64
2025-08-08 11:01:55,077:     INFO - flowDet_mmdet.utils.training_utils:  mean nll is nan.
2025-08-08 11:01:55,077:     INFO - train_onlyFLow:  Epoch: 65
2025-08-08 11:01:55,078:     INFO - flowDet_mmdet.utils.training_utils:  mean nll is nan.
2025-08-08 11:01:55,078:     INFO - train_onlyFLow:  Epoch: 66
2025-08-08 11:01:55,078:     INFO - flowDet_mmdet.utils.training_utils:  mean nll is nan.
2025-08-08 11:01:55,079:     INFO - train_onlyFLow:  Epoch: 67
2025-08-08 11:01:55,079:     INFO - flowDet_mmdet.utils.training_utils:  mean nll is nan.
2025-08-08 11:01:55,079:     INFO - train_onlyFLow:  Epoch: 68
2025-08-08 11:01:55,080:     INFO - flowDet_mmdet.utils.training_utils:  mean nll is nan.
2025-08-08 11:01:55,080:     INFO - train_onlyFLow:  Epoch: 69
2025-08-08 11:01:55,081:     INFO - flowDet_mmdet.utils.training_utils:  mean nll is nan.
2025-08-08 11:01:55,081:     INFO - train_onlyFLow:  Epoch: 70
2025-08-08 11:01:55,082:     INFO - flowDet_mmdet.utils.training_utils:  mean nll is nan.
2025-08-08 11:01:55,082:     INFO - train_onlyFLow:  Epoch: 71
2025-08-08 11:01:55,083:     INFO - flowDet_mmdet.utils.training_utils:  mean nll is nan.
2025-08-08 11:01:55,083:     INFO - train_onlyFLow:  Epoch: 72
2025-08-08 11:01:55,084:     INFO - flowDet_mmdet.utils.training_utils:  mean nll is nan.
2025-08-08 11:01:55,084:     INFO - train_onlyFLow:  Epoch: 73
2025-08-08 11:01:55,085:     INFO - flowDet_mmdet.utils.training_utils:  mean nll is nan.
2025-08-08 11:01:55,085:     INFO - train_onlyFLow:  Epoch: 74
2025-08-08 11:01:55,086:     INFO - flowDet_mmdet.utils.training_utils:  mean nll is nan.
2025-08-08 11:01:55,086:     INFO - train_onlyFLow:  Epoch: 75
2025-08-08 11:01:55,087:     INFO - flowDet_mmdet.utils.training_utils:  mean nll is nan.
2025-08-08 11:01:55,087:     INFO - train_onlyFLow:  Epoch: 76
2025-08-08 11:01:55,088:     INFO - flowDet_mmdet.utils.training_utils:  mean nll is nan.
2025-08-08 11:01:55,088:     INFO - train_onlyFLow:  Epoch: 77
2025-08-08 11:01:55,089:     INFO - flowDet_mmdet.utils.training_utils:  mean nll is nan.
2025-08-08 11:01:55,089:     INFO - train_onlyFLow:  Epoch: 78
2025-08-08 11:01:55,089:     INFO - flowDet_mmdet.utils.training_utils:  mean nll is nan.
2025-08-08 11:01:55,089:     INFO - train_onlyFLow:  Epoch: 79
2025-08-08 11:01:55,090:     INFO - flowDet_mmdet.utils.training_utils:  mean nll is nan.
2025-08-08 11:01:55,090:     INFO - train_onlyFLow:  Epoch: 80
2025-08-08 11:01:55,091:     INFO - flowDet_mmdet.utils.training_utils:  mean nll is nan.
2025-08-08 11:01:55,091:     INFO - train_onlyFLow:  Epoch: 81
2025-08-08 11:01:55,092:     INFO - flowDet_mmdet.utils.training_utils:  mean nll is nan.
2025-08-08 11:01:55,092:     INFO - train_onlyFLow:  Epoch: 82
2025-08-08 11:01:55,093:     INFO - flowDet_mmdet.utils.training_utils:  mean nll is nan.
2025-08-08 11:01:55,093:     INFO - train_onlyFLow:  Epoch: 83
2025-08-08 11:01:55,094:     INFO - flowDet_mmdet.utils.training_utils:  mean nll is nan.
2025-08-08 11:01:55,094:     INFO - train_onlyFLow:  Epoch: 84
2025-08-08 11:01:55,095:     INFO - flowDet_mmdet.utils.training_utils:  mean nll is nan.
2025-08-08 11:01:55,095:     INFO - train_onlyFLow:  Epoch: 85
2025-08-08 11:01:55,096:     INFO - flowDet_mmdet.utils.training_utils:  mean nll is nan.
2025-08-08 11:01:55,096:     INFO - train_onlyFLow:  Epoch: 86
2025-08-08 11:01:55,097:     INFO - flowDet_mmdet.utils.training_utils:  mean nll is nan.
2025-08-08 11:01:55,097:     INFO - train_onlyFLow:  Epoch: 87
2025-08-08 11:01:55,098:     INFO - flowDet_mmdet.utils.training_utils:  mean nll is nan.
2025-08-08 11:01:55,098:     INFO - train_onlyFLow:  Epoch: 88
2025-08-08 11:01:55,098:     INFO - flowDet_mmdet.utils.training_utils:  mean nll is nan.
2025-08-08 11:01:55,099:     INFO - train_onlyFLow:  Epoch: 89
2025-08-08 11:01:55,099:     INFO - flowDet_mmdet.utils.training_utils:  mean nll is nan.
2025-08-08 11:01:55,099:     INFO - train_onlyFLow:  Epoch: 90
2025-08-08 11:01:55,100:     INFO - flowDet_mmdet.utils.training_utils:  mean nll is nan.
2025-08-08 11:01:55,100:     INFO - train_onlyFLow:  Epoch: 91
2025-08-08 11:01:55,101:     INFO - flowDet_mmdet.utils.training_utils:  mean nll is nan.
2025-08-08 11:01:55,101:     INFO - train_onlyFLow:  Epoch: 92
2025-08-08 11:01:55,102:     INFO - flowDet_mmdet.utils.training_utils:  mean nll is nan.
2025-08-08 11:01:55,102:     INFO - train_onlyFLow:  Epoch: 93
2025-08-08 11:01:55,103:     INFO - flowDet_mmdet.utils.training_utils:  mean nll is nan.
2025-08-08 11:01:55,103:     INFO - train_onlyFLow:  Epoch: 94
2025-08-08 11:01:55,104:     INFO - flowDet_mmdet.utils.training_utils:  mean nll is nan.
2025-08-08 11:01:55,104:     INFO - train_onlyFLow:  Epoch: 95
2025-08-08 11:01:55,105:     INFO - flowDet_mmdet.utils.training_utils:  mean nll is nan.
2025-08-08 11:01:55,105:     INFO - train_onlyFLow:  Epoch: 96
2025-08-08 11:01:55,106:     INFO - flowDet_mmdet.utils.training_utils:  mean nll is nan.
2025-08-08 11:01:55,106:     INFO - train_onlyFLow:  Epoch: 97
2025-08-08 11:01:55,107:     INFO - flowDet_mmdet.utils.training_utils:  mean nll is nan.
2025-08-08 11:01:55,107:     INFO - train_onlyFLow:  Epoch: 98
2025-08-08 11:01:55,107:     INFO - flowDet_mmdet.utils.training_utils:  mean nll is nan.
2025-08-08 11:01:55,108:     INFO - train_onlyFLow:  Epoch: 99
2025-08-08 11:01:55,108:     INFO - flowDet_mmdet.utils.training_utils:  mean nll is nan.
2025-08-08 11:01:55,108:     INFO - train_onlyFLow:  Epoch: 100
2025-08-08 11:01:55,109:     INFO - flowDet_mmdet.utils.training_utils:  mean nll is nan.
2025-08-08 11:01:55,109:     INFO - train_onlyFLow:  Epoch: 101
2025-08-08 11:01:55,110:     INFO - flowDet_mmdet.utils.training_utils:  mean nll is nan.
2025-08-08 11:01:55,110:     INFO - train_onlyFLow:  Epoch: 102
2025-08-08 11:01:55,111:     INFO - flowDet_mmdet.utils.training_utils:  mean nll is nan.
2025-08-08 11:01:55,111:     INFO - train_onlyFLow:  Epoch: 103
2025-08-08 11:01:55,112:     INFO - flowDet_mmdet.utils.training_utils:  mean nll is nan.
2025-08-08 11:01:55,112:     INFO - train_onlyFLow:  Epoch: 104
2025-08-08 11:01:55,113:     INFO - flowDet_mmdet.utils.training_utils:  mean nll is nan.
2025-08-08 11:01:55,113:     INFO - train_onlyFLow:  Epoch: 105
2025-08-08 11:01:55,114:     INFO - flowDet_mmdet.utils.training_utils:  mean nll is nan.
2025-08-08 11:01:55,114:     INFO - train_onlyFLow:  Epoch: 106
2025-08-08 11:01:55,115:     INFO - flowDet_mmdet.utils.training_utils:  mean nll is nan.
2025-08-08 11:01:55,115:     INFO - train_onlyFLow:  Epoch: 107
2025-08-08 11:01:55,116:     INFO - flowDet_mmdet.utils.training_utils:  mean nll is nan.
2025-08-08 11:01:55,116:     INFO - train_onlyFLow:  Epoch: 108
2025-08-08 11:01:55,117:     INFO - flowDet_mmdet.utils.training_utils:  mean nll is nan.
2025-08-08 11:01:55,117:     INFO - train_onlyFLow:  Epoch: 109
2025-08-08 11:01:55,117:     INFO - flowDet_mmdet.utils.training_utils:  mean nll is nan.
2025-08-08 11:01:55,117:     INFO - train_onlyFLow:  Epoch: 110
2025-08-08 11:01:55,118:     INFO - flowDet_mmdet.utils.training_utils:  mean nll is nan.
2025-08-08 11:01:55,118:     INFO - train_onlyFLow:  Epoch: 111
2025-08-08 11:01:55,119:     INFO - flowDet_mmdet.utils.training_utils:  mean nll is nan.
2025-08-08 11:01:55,119:     INFO - train_onlyFLow:  Epoch: 112
2025-08-08 11:01:55,120:     INFO - flowDet_mmdet.utils.training_utils:  mean nll is nan.
2025-08-08 11:01:55,120:     INFO - train_onlyFLow:  Epoch: 113
2025-08-08 11:01:55,121:     INFO - flowDet_mmdet.utils.training_utils:  mean nll is nan.
2025-08-08 11:01:55,121:     INFO - train_onlyFLow:  Epoch: 114
2025-08-08 11:01:55,122:     INFO - flowDet_mmdet.utils.training_utils:  mean nll is nan.
2025-08-08 11:01:55,122:     INFO - train_onlyFLow:  Epoch: 115
2025-08-08 11:01:55,123:     INFO - flowDet_mmdet.utils.training_utils:  mean nll is nan.
2025-08-08 11:01:55,123:     INFO - train_onlyFLow:  Epoch: 116
2025-08-08 11:01:55,124:     INFO - flowDet_mmdet.utils.training_utils:  mean nll is nan.
2025-08-08 11:01:55,124:     INFO - train_onlyFLow:  Epoch: 117
2025-08-08 11:01:55,125:     INFO - flowDet_mmdet.utils.training_utils:  mean nll is nan.
2025-08-08 11:01:55,125:     INFO - train_onlyFLow:  Epoch: 118
2025-08-08 11:01:55,126:     INFO - flowDet_mmdet.utils.training_utils:  mean nll is nan.
2025-08-08 11:01:55,126:     INFO - train_onlyFLow:  Epoch: 119
2025-08-08 11:01:55,126:     INFO - flowDet_mmdet.utils.training_utils:  mean nll is nan.
2025-08-08 11:01:55,127:     INFO - train_onlyFLow:  Epoch: 120
2025-08-08 11:01:55,127:     INFO - flowDet_mmdet.utils.training_utils:  mean nll is nan.
2025-08-08 11:01:55,127:     INFO - train_onlyFLow:  Epoch: 121
2025-08-08 11:01:55,128:     INFO - flowDet_mmdet.utils.training_utils:  mean nll is nan.
2025-08-08 11:01:55,128:     INFO - train_onlyFLow:  Epoch: 122
2025-08-08 11:01:55,129:     INFO - flowDet_mmdet.utils.training_utils:  mean nll is nan.
2025-08-08 11:01:55,129:     INFO - train_onlyFLow:  Epoch: 123
2025-08-08 11:01:55,130:     INFO - flowDet_mmdet.utils.training_utils:  mean nll is nan.
2025-08-08 11:01:55,130:     INFO - train_onlyFLow:  Epoch: 124
2025-08-08 11:01:55,131:     INFO - flowDet_mmdet.utils.training_utils:  mean nll is nan.
2025-08-08 11:01:55,131:     INFO - train_onlyFLow:  Epoch: 125
2025-08-08 11:01:55,132:     INFO - flowDet_mmdet.utils.training_utils:  mean nll is nan.
2025-08-08 11:01:55,132:     INFO - train_onlyFLow:  Epoch: 126
2025-08-08 11:01:55,133:     INFO - flowDet_mmdet.utils.training_utils:  mean nll is nan.
2025-08-08 11:01:55,133:     INFO - train_onlyFLow:  Epoch: 127
2025-08-08 11:01:55,134:     INFO - flowDet_mmdet.utils.training_utils:  mean nll is nan.
2025-08-08 11:01:55,134:     INFO - train_onlyFLow:  Epoch: 128
2025-08-08 11:01:55,135:     INFO - flowDet_mmdet.utils.training_utils:  mean nll is nan.
2025-08-08 11:01:55,135:     INFO - train_onlyFLow:  Epoch: 129
2025-08-08 11:01:55,136:     INFO - flowDet_mmdet.utils.training_utils:  mean nll is nan.
2025-08-08 11:01:55,136:     INFO - train_onlyFLow:  Epoch: 130
2025-08-08 11:01:55,136:     INFO - flowDet_mmdet.utils.training_utils:  mean nll is nan.
2025-08-08 11:01:55,136:     INFO - train_onlyFLow:  Epoch: 131
2025-08-08 11:01:55,137:     INFO - flowDet_mmdet.utils.training_utils:  mean nll is nan.
2025-08-08 11:01:55,137:     INFO - train_onlyFLow:  Epoch: 132
2025-08-08 11:01:55,138:     INFO - flowDet_mmdet.utils.training_utils:  mean nll is nan.
2025-08-08 11:01:55,138:     INFO - train_onlyFLow:  Epoch: 133
2025-08-08 11:01:55,139:     INFO - flowDet_mmdet.utils.training_utils:  mean nll is nan.
2025-08-08 11:01:55,139:     INFO - train_onlyFLow:  Epoch: 134
2025-08-08 11:01:55,140:     INFO - flowDet_mmdet.utils.training_utils:  mean nll is nan.
2025-08-08 11:01:55,140:     INFO - train_onlyFLow:  Epoch: 135
2025-08-08 11:01:55,141:     INFO - flowDet_mmdet.utils.training_utils:  mean nll is nan.
2025-08-08 11:01:55,141:     INFO - train_onlyFLow:  Epoch: 136
2025-08-08 11:01:55,142:     INFO - flowDet_mmdet.utils.training_utils:  mean nll is nan.
2025-08-08 11:01:55,142:     INFO - train_onlyFLow:  Epoch: 137
2025-08-08 11:01:55,143:     INFO - flowDet_mmdet.utils.training_utils:  mean nll is nan.
2025-08-08 11:01:55,143:     INFO - train_onlyFLow:  Epoch: 138
2025-08-08 11:01:55,144:     INFO - flowDet_mmdet.utils.training_utils:  mean nll is nan.
2025-08-08 11:01:55,144:     INFO - train_onlyFLow:  Epoch: 139
2025-08-08 11:01:55,145:     INFO - flowDet_mmdet.utils.training_utils:  mean nll is nan.
2025-08-08 11:01:55,145:     INFO - train_onlyFLow:  Epoch: 140
2025-08-08 11:01:55,145:     INFO - flowDet_mmdet.utils.training_utils:  mean nll is nan.
2025-08-08 11:01:55,146:     INFO - train_onlyFLow:  Epoch: 141
2025-08-08 11:01:55,146:     INFO - flowDet_mmdet.utils.training_utils:  mean nll is nan.
2025-08-08 11:01:55,146:     INFO - train_onlyFLow:  Epoch: 142
2025-08-08 11:01:55,147:     INFO - flowDet_mmdet.utils.training_utils:  mean nll is nan.
2025-08-08 11:01:55,147:     INFO - train_onlyFLow:  Epoch: 143
2025-08-08 11:01:55,148:     INFO - flowDet_mmdet.utils.training_utils:  mean nll is nan.
2025-08-08 11:01:55,148:     INFO - train_onlyFLow:  Epoch: 144
2025-08-08 11:01:55,149:     INFO - flowDet_mmdet.utils.training_utils:  mean nll is nan.
2025-08-08 11:01:55,149:     INFO - train_onlyFLow:  Epoch: 145
2025-08-08 11:01:55,150:     INFO - flowDet_mmdet.utils.training_utils:  mean nll is nan.
2025-08-08 11:01:55,150:     INFO - train_onlyFLow:  Epoch: 146
2025-08-08 11:01:55,151:     INFO - flowDet_mmdet.utils.training_utils:  mean nll is nan.
2025-08-08 11:01:55,151:     INFO - train_onlyFLow:  Epoch: 147
2025-08-08 11:01:55,152:     INFO - flowDet_mmdet.utils.training_utils:  mean nll is nan.
2025-08-08 11:01:55,152:     INFO - train_onlyFLow:  Epoch: 148
2025-08-08 11:01:55,153:     INFO - flowDet_mmdet.utils.training_utils:  mean nll is nan.
2025-08-08 11:01:55,153:     INFO - train_onlyFLow:  Epoch: 149
2025-08-08 11:01:55,154:     INFO - flowDet_mmdet.utils.training_utils:  mean nll is nan.
2025-08-08 11:01:55,154:     INFO - train_onlyFLow:  Epoch: 150
2025-08-08 11:01:55,155:     INFO - flowDet_mmdet.utils.training_utils:  mean nll is nan.
2025-08-08 11:01:55,155:     INFO - train_onlyFLow:  Epoch: 151
2025-08-08 11:01:55,156:     INFO - flowDet_mmdet.utils.training_utils:  mean nll is nan.
2025-08-08 11:01:55,156:     INFO - train_onlyFLow:  Epoch: 152
2025-08-08 11:01:55,157:     INFO - flowDet_mmdet.utils.training_utils:  mean nll is nan.
2025-08-08 11:01:55,157:     INFO - train_onlyFLow:  Epoch: 153
2025-08-08 11:01:55,157:     INFO - flowDet_mmdet.utils.training_utils:  mean nll is nan.
2025-08-08 11:01:55,157:     INFO - train_onlyFLow:  Epoch: 154
2025-08-08 11:01:55,158:     INFO - flowDet_mmdet.utils.training_utils:  mean nll is nan.
2025-08-08 11:01:55,158:     INFO - train_onlyFLow:  Epoch: 155
2025-08-08 11:01:55,159:     INFO - flowDet_mmdet.utils.training_utils:  mean nll is nan.
2025-08-08 11:01:55,159:     INFO - train_onlyFLow:  Epoch: 156
2025-08-08 11:01:55,160:     INFO - flowDet_mmdet.utils.training_utils:  mean nll is nan.
2025-08-08 11:01:55,160:     INFO - train_onlyFLow:  Epoch: 157
2025-08-08 11:01:55,161:     INFO - flowDet_mmdet.utils.training_utils:  mean nll is nan.
2025-08-08 11:01:55,161:     INFO - train_onlyFLow:  Epoch: 158
2025-08-08 11:01:55,162:     INFO - flowDet_mmdet.utils.training_utils:  mean nll is nan.
2025-08-08 11:01:55,162:     INFO - train_onlyFLow:  Epoch: 159
2025-08-08 11:01:55,163:     INFO - flowDet_mmdet.utils.training_utils:  mean nll is nan.
2025-08-08 11:01:55,163:     INFO - train_onlyFLow:  Epoch: 160
2025-08-08 11:01:55,164:     INFO - flowDet_mmdet.utils.training_utils:  mean nll is nan.
2025-08-08 11:01:55,164:     INFO - train_onlyFLow:  Epoch: 161
2025-08-08 11:01:55,165:     INFO - flowDet_mmdet.utils.training_utils:  mean nll is nan.
2025-08-08 11:01:55,165:     INFO - train_onlyFLow:  Epoch: 162
2025-08-08 11:01:55,166:     INFO - flowDet_mmdet.utils.training_utils:  mean nll is nan.
2025-08-08 11:01:55,166:     INFO - train_onlyFLow:  Epoch: 163
2025-08-08 11:01:55,166:     INFO - flowDet_mmdet.utils.training_utils:  mean nll is nan.
2025-08-08 11:01:55,167:     INFO - train_onlyFLow:  Epoch: 164
2025-08-08 11:01:55,167:     INFO - flowDet_mmdet.utils.training_utils:  mean nll is nan.
2025-08-08 11:01:55,167:     INFO - train_onlyFLow:  Epoch: 165
2025-08-08 11:01:55,168:     INFO - flowDet_mmdet.utils.training_utils:  mean nll is nan.
2025-08-08 11:01:55,168:     INFO - train_onlyFLow:  Epoch: 166
2025-08-08 11:01:55,169:     INFO - flowDet_mmdet.utils.training_utils:  mean nll is nan.
2025-08-08 11:01:55,169:     INFO - train_onlyFLow:  Epoch: 167
2025-08-08 11:01:55,170:     INFO - flowDet_mmdet.utils.training_utils:  mean nll is nan.
2025-08-08 11:01:55,170:     INFO - train_onlyFLow:  Epoch: 168
2025-08-08 11:01:55,171:     INFO - flowDet_mmdet.utils.training_utils:  mean nll is nan.
2025-08-08 11:01:55,171:     INFO - train_onlyFLow:  Epoch: 169
2025-08-08 11:01:55,172:     INFO - flowDet_mmdet.utils.training_utils:  mean nll is nan.
2025-08-08 11:01:55,172:     INFO - train_onlyFLow:  Epoch: 170
2025-08-08 11:01:55,173:     INFO - flowDet_mmdet.utils.training_utils:  mean nll is nan.
2025-08-08 11:01:55,173:     INFO - train_onlyFLow:  Epoch: 171
2025-08-08 11:01:55,174:     INFO - flowDet_mmdet.utils.training_utils:  mean nll is nan.
2025-08-08 11:01:55,174:     INFO - train_onlyFLow:  Epoch: 172
2025-08-08 11:01:55,175:     INFO - flowDet_mmdet.utils.training_utils:  mean nll is nan.
2025-08-08 11:01:55,175:     INFO - train_onlyFLow:  Epoch: 173
2025-08-08 11:01:55,176:     INFO - flowDet_mmdet.utils.training_utils:  mean nll is nan.
2025-08-08 11:01:55,176:     INFO - train_onlyFLow:  Epoch: 174
2025-08-08 11:01:55,176:     INFO - flowDet_mmdet.utils.training_utils:  mean nll is nan.
2025-08-08 11:01:55,177:     INFO - train_onlyFLow:  Epoch: 175
2025-08-08 11:01:55,177:     INFO - flowDet_mmdet.utils.training_utils:  mean nll is nan.
2025-08-08 11:01:55,177:     INFO - train_onlyFLow:  Epoch: 176
2025-08-08 11:01:55,178:     INFO - flowDet_mmdet.utils.training_utils:  mean nll is nan.
2025-08-08 11:01:55,178:     INFO - train_onlyFLow:  Epoch: 177
2025-08-08 11:01:55,179:     INFO - flowDet_mmdet.utils.training_utils:  mean nll is nan.
2025-08-08 11:01:55,179:     INFO - train_onlyFLow:  Epoch: 178
2025-08-08 11:01:55,180:     INFO - flowDet_mmdet.utils.training_utils:  mean nll is nan.
2025-08-08 11:01:55,180:     INFO - train_onlyFLow:  Epoch: 179
2025-08-08 11:01:55,181:     INFO - flowDet_mmdet.utils.training_utils:  mean nll is nan.
2025-08-08 11:01:55,181:     INFO - train_onlyFLow:  Epoch: 180
2025-08-08 11:01:55,182:     INFO - flowDet_mmdet.utils.training_utils:  mean nll is nan.
2025-08-08 11:01:55,182:     INFO - train_onlyFLow:  Epoch: 181
2025-08-08 11:01:55,183:     INFO - flowDet_mmdet.utils.training_utils:  mean nll is nan.
2025-08-08 11:01:55,183:     INFO - train_onlyFLow:  Epoch: 182
2025-08-08 11:01:55,184:     INFO - flowDet_mmdet.utils.training_utils:  mean nll is nan.
2025-08-08 11:01:55,184:     INFO - train_onlyFLow:  Epoch: 183
2025-08-08 11:01:55,185:     INFO - flowDet_mmdet.utils.training_utils:  mean nll is nan.
2025-08-08 11:01:55,185:     INFO - train_onlyFLow:  Epoch: 184
2025-08-08 11:01:55,186:     INFO - flowDet_mmdet.utils.training_utils:  mean nll is nan.
2025-08-08 11:01:55,186:     INFO - train_onlyFLow:  Epoch: 185
2025-08-08 11:01:55,186:     INFO - flowDet_mmdet.utils.training_utils:  mean nll is nan.
2025-08-08 11:01:55,187:     INFO - train_onlyFLow:  Epoch: 186
2025-08-08 11:01:55,187:     INFO - flowDet_mmdet.utils.training_utils:  mean nll is nan.
2025-08-08 11:01:55,187:     INFO - train_onlyFLow:  Epoch: 187
2025-08-08 11:01:55,188:     INFO - flowDet_mmdet.utils.training_utils:  mean nll is nan.
2025-08-08 11:01:55,188:     INFO - train_onlyFLow:  Epoch: 188
2025-08-08 11:01:55,189:     INFO - flowDet_mmdet.utils.training_utils:  mean nll is nan.
2025-08-08 11:01:55,189:     INFO - train_onlyFLow:  Epoch: 189
2025-08-08 11:01:55,190:     INFO - flowDet_mmdet.utils.training_utils:  mean nll is nan.
2025-08-08 11:01:55,190:     INFO - train_onlyFLow:  Epoch: 190
2025-08-08 11:01:55,191:     INFO - flowDet_mmdet.utils.training_utils:  mean nll is nan.
2025-08-08 11:01:55,191:     INFO - train_onlyFLow:  Epoch: 191
2025-08-08 11:01:55,192:     INFO - flowDet_mmdet.utils.training_utils:  mean nll is nan.
2025-08-08 11:01:55,192:     INFO - train_onlyFLow:  Epoch: 192
2025-08-08 11:01:55,193:     INFO - flowDet_mmdet.utils.training_utils:  mean nll is nan.
2025-08-08 11:01:55,193:     INFO - train_onlyFLow:  Epoch: 193
2025-08-08 11:01:55,194:     INFO - flowDet_mmdet.utils.training_utils:  mean nll is nan.
2025-08-08 11:01:55,194:     INFO - train_onlyFLow:  Epoch: 194
2025-08-08 11:01:55,195:     INFO - flowDet_mmdet.utils.training_utils:  mean nll is nan.
2025-08-08 11:01:55,195:     INFO - train_onlyFLow:  Epoch: 195
2025-08-08 11:01:55,195:     INFO - flowDet_mmdet.utils.training_utils:  mean nll is nan.
2025-08-08 11:01:55,196:     INFO - train_onlyFLow:  Epoch: 196
2025-08-08 11:01:55,196:     INFO - flowDet_mmdet.utils.training_utils:  mean nll is nan.
2025-08-08 11:01:55,196:     INFO - train_onlyFLow:  Epoch: 197
2025-08-08 11:01:55,197:     INFO - flowDet_mmdet.utils.training_utils:  mean nll is nan.
2025-08-08 11:01:55,197:     INFO - train_onlyFLow:  Epoch: 198
2025-08-08 11:01:55,198:     INFO - flowDet_mmdet.utils.training_utils:  mean nll is nan.
2025-08-08 11:01:55,198:     INFO - train_onlyFLow:  Epoch: 199
2025-08-08 11:01:55,199:     INFO - flowDet_mmdet.utils.training_utils:  mean nll is nan.
2025-08-08 11:01:55,199:     INFO - train_onlyFLow:  Epoch: 200
2025-08-08 11:01:55,199:     INFO - train_onlyFLow:  ##### On Val Set: #####

/home/chen_le/miniforge3/envs/tmnf_mmdet/lib/python3.7/site-packages/numpy/core/fromnumeric.py:3441: RuntimeWarning: Mean of empty slice.
  out=out, **kwargs)
/home/chen_le/miniforge3/envs/tmnf_mmdet/lib/python3.7/site-packages/numpy/core/_methods.py:189: RuntimeWarning: invalid value encountered in true_divide
  ret = ret.dtype.type(ret / rcount)
/home/chen_le/miniforge3/envs/tmnf_mmdet/lib/python3.7/site-packages/sklearn/metrics/_ranking.py:864: RuntimeWarning: invalid value encountered in true_divide
  recall = tps / tps[-1]
/home/chen_le/miniforge3/envs/tmnf_mmdet/lib/python3.7/site-packages/numpy/core/fromnumeric.py:3441: RuntimeWarning: Mean of empty slice.
  out=out, **kwargs)
/home/chen_le/miniforge3/envs/tmnf_mmdet/lib/python3.7/site-packages/numpy/core/_methods.py:189: RuntimeWarning: invalid value encountered in double_scalars
  ret = ret.dtype.type(ret / rcount)
0it [00:00, ?it/s]1it [00:00, 70.87it/s]2025-08-08 11:01:55,214:     INFO - flowDet_mmdet.utils.functional_utils:  tpKnown_nll after filtering out 0 Nans: nan
2025-08-08 11:01:55,214:     INFO - flowDet_mmdet.utils.functional_utils:  fpUnknown_nll after filtering out 0 Nans: 3.434
Warning: No known-class detections (inData is empty). AUROC undefined.
Warning: No valid fpr point
Warning: No valid fpr point
Warning: No valid fpr point
2025-08-08 11:01:55,215:     INFO - flowDet_mmdet.utils.gmmDet_utils:  Results for Method: rnvp_resampled_cls_ib
2025-08-08 11:01:55,215:     INFO - flowDet_mmdet.utils.gmmDet_utils:  ------ AUPR: nan
2025-08-08 11:01:55,215:     INFO - flowDet_mmdet.utils.gmmDet_utils:  ------ AUROC: 0.0
2025-08-08 11:01:55,215:     INFO - flowDet_mmdet.utils.gmmDet_utils:  ------ TPR at 5.0FPR: 0.0
2025-08-08 11:01:55,215:     INFO - flowDet_mmdet.utils.gmmDet_utils:  ------ TPR at 10.0FPR: 0.0
2025-08-08 11:01:55,215:     INFO - flowDet_mmdet.utils.gmmDet_utils:  ------ TPR at 20.0FPR: 0.0
2025-08-08 11:01:55,215:     INFO - train_onlyFLow:  Because early_stop_iter is 0, we train the model with epochs 400.
2025-08-08 11:01:55,216:     INFO - flowDet_mmdet.utils.training_utils:  mean nll is nan.
2025-08-08 11:01:55,216:     INFO - train_onlyFLow:  Epoch: 201
2025-08-08 11:01:55,217:     INFO - flowDet_mmdet.utils.training_utils:  mean nll is nan.
2025-08-08 11:01:55,217:     INFO - train_onlyFLow:  Epoch: 202
2025-08-08 11:01:55,218:     INFO - flowDet_mmdet.utils.training_utils:  mean nll is nan.
2025-08-08 11:01:55,218:     INFO - train_onlyFLow:  Epoch: 203
2025-08-08 11:01:55,219:     INFO - flowDet_mmdet.utils.training_utils:  mean nll is nan.
2025-08-08 11:01:55,219:     INFO - train_onlyFLow:  Epoch: 204
2025-08-08 11:01:55,220:     INFO - flowDet_mmdet.utils.training_utils:  mean nll is nan.
2025-08-08 11:01:55,220:     INFO - train_onlyFLow:  Epoch: 205
2025-08-08 11:01:55,221:     INFO - flowDet_mmdet.utils.training_utils:  mean nll is nan.
2025-08-08 11:01:55,221:     INFO - train_onlyFLow:  Epoch: 206
2025-08-08 11:01:55,222:     INFO - flowDet_mmdet.utils.training_utils:  mean nll is nan.
2025-08-08 11:01:55,222:     INFO - train_onlyFLow:  Epoch: 207
2025-08-08 11:01:55,223:     INFO - flowDet_mmdet.utils.training_utils:  mean nll is nan.
2025-08-08 11:01:55,223:     INFO - train_onlyFLow:  Epoch: 208
2025-08-08 11:01:55,224:     INFO - flowDet_mmdet.utils.training_utils:  mean nll is nan.
2025-08-08 11:01:55,224:     INFO - train_onlyFLow:  Epoch: 209
2025-08-08 11:01:55,224:     INFO - flowDet_mmdet.utils.training_utils:  mean nll is nan.
2025-08-08 11:01:55,225:     INFO - train_onlyFLow:  Epoch: 210
2025-08-08 11:01:55,225:     INFO - flowDet_mmdet.utils.training_utils:  mean nll is nan.
2025-08-08 11:01:55,225:     INFO - train_onlyFLow:  Epoch: 211
2025-08-08 11:01:55,226:     INFO - flowDet_mmdet.utils.training_utils:  mean nll is nan.
2025-08-08 11:01:55,226:     INFO - train_onlyFLow:  Epoch: 212
2025-08-08 11:01:55,227:     INFO - flowDet_mmdet.utils.training_utils:  mean nll is nan.
2025-08-08 11:01:55,227:     INFO - train_onlyFLow:  Epoch: 213
2025-08-08 11:01:55,228:     INFO - flowDet_mmdet.utils.training_utils:  mean nll is nan.
2025-08-08 11:01:55,228:     INFO - train_onlyFLow:  Epoch: 214
2025-08-08 11:01:55,229:     INFO - flowDet_mmdet.utils.training_utils:  mean nll is nan.
2025-08-08 11:01:55,229:     INFO - train_onlyFLow:  Epoch: 215
2025-08-08 11:01:55,230:     INFO - flowDet_mmdet.utils.training_utils:  mean nll is nan.
2025-08-08 11:01:55,230:     INFO - train_onlyFLow:  Epoch: 216
2025-08-08 11:01:55,231:     INFO - flowDet_mmdet.utils.training_utils:  mean nll is nan.
2025-08-08 11:01:55,231:     INFO - train_onlyFLow:  Epoch: 217
2025-08-08 11:01:55,232:     INFO - flowDet_mmdet.utils.training_utils:  mean nll is nan.
2025-08-08 11:01:55,232:     INFO - train_onlyFLow:  Epoch: 218
2025-08-08 11:01:55,233:     INFO - flowDet_mmdet.utils.training_utils:  mean nll is nan.
2025-08-08 11:01:55,233:     INFO - train_onlyFLow:  Epoch: 219
2025-08-08 11:01:55,234:     INFO - flowDet_mmdet.utils.training_utils:  mean nll is nan.
2025-08-08 11:01:55,234:     INFO - train_onlyFLow:  Epoch: 220
2025-08-08 11:01:55,234:     INFO - flowDet_mmdet.utils.training_utils:  mean nll is nan.
2025-08-08 11:01:55,235:     INFO - train_onlyFLow:  Epoch: 221
2025-08-08 11:01:55,235:     INFO - flowDet_mmdet.utils.training_utils:  mean nll is nan.
2025-08-08 11:01:55,235:     INFO - train_onlyFLow:  Epoch: 222
2025-08-08 11:01:55,236:     INFO - flowDet_mmdet.utils.training_utils:  mean nll is nan.
2025-08-08 11:01:55,236:     INFO - train_onlyFLow:  Epoch: 223
2025-08-08 11:01:55,237:     INFO - flowDet_mmdet.utils.training_utils:  mean nll is nan.
2025-08-08 11:01:55,237:     INFO - train_onlyFLow:  Epoch: 224
2025-08-08 11:01:55,238:     INFO - flowDet_mmdet.utils.training_utils:  mean nll is nan.
2025-08-08 11:01:55,238:     INFO - train_onlyFLow:  Epoch: 225
2025-08-08 11:01:55,239:     INFO - flowDet_mmdet.utils.training_utils:  mean nll is nan.
2025-08-08 11:01:55,239:     INFO - train_onlyFLow:  Epoch: 226
2025-08-08 11:01:55,240:     INFO - flowDet_mmdet.utils.training_utils:  mean nll is nan.
2025-08-08 11:01:55,240:     INFO - train_onlyFLow:  Epoch: 227
2025-08-08 11:01:55,241:     INFO - flowDet_mmdet.utils.training_utils:  mean nll is nan.
2025-08-08 11:01:55,241:     INFO - train_onlyFLow:  Epoch: 228
2025-08-08 11:01:55,242:     INFO - flowDet_mmdet.utils.training_utils:  mean nll is nan.
2025-08-08 11:01:55,242:     INFO - train_onlyFLow:  Epoch: 229
2025-08-08 11:01:55,243:     INFO - flowDet_mmdet.utils.training_utils:  mean nll is nan.
2025-08-08 11:01:55,243:     INFO - train_onlyFLow:  Epoch: 230
2025-08-08 11:01:55,244:     INFO - flowDet_mmdet.utils.training_utils:  mean nll is nan.
2025-08-08 11:01:55,244:     INFO - train_onlyFLow:  Epoch: 231
2025-08-08 11:01:55,244:     INFO - flowDet_mmdet.utils.training_utils:  mean nll is nan.
2025-08-08 11:01:55,245:     INFO - train_onlyFLow:  Epoch: 232
2025-08-08 11:01:55,245:     INFO - flowDet_mmdet.utils.training_utils:  mean nll is nan.
2025-08-08 11:01:55,245:     INFO - train_onlyFLow:  Epoch: 233
2025-08-08 11:01:55,246:     INFO - flowDet_mmdet.utils.training_utils:  mean nll is nan.
2025-08-08 11:01:55,246:     INFO - train_onlyFLow:  Epoch: 234
2025-08-08 11:01:55,247:     INFO - flowDet_mmdet.utils.training_utils:  mean nll is nan.
2025-08-08 11:01:55,247:     INFO - train_onlyFLow:  Epoch: 235
2025-08-08 11:01:55,248:     INFO - flowDet_mmdet.utils.training_utils:  mean nll is nan.
2025-08-08 11:01:55,248:     INFO - train_onlyFLow:  Epoch: 236
2025-08-08 11:01:55,249:     INFO - flowDet_mmdet.utils.training_utils:  mean nll is nan.
2025-08-08 11:01:55,249:     INFO - train_onlyFLow:  Epoch: 237
2025-08-08 11:01:55,250:     INFO - flowDet_mmdet.utils.training_utils:  mean nll is nan.
2025-08-08 11:01:55,250:     INFO - train_onlyFLow:  Epoch: 238
2025-08-08 11:01:55,251:     INFO - flowDet_mmdet.utils.training_utils:  mean nll is nan.
2025-08-08 11:01:55,251:     INFO - train_onlyFLow:  Epoch: 239
2025-08-08 11:01:55,252:     INFO - flowDet_mmdet.utils.training_utils:  mean nll is nan.
2025-08-08 11:01:55,252:     INFO - train_onlyFLow:  Epoch: 240
2025-08-08 11:01:55,253:     INFO - flowDet_mmdet.utils.training_utils:  mean nll is nan.
2025-08-08 11:01:55,253:     INFO - train_onlyFLow:  Epoch: 241
2025-08-08 11:01:55,254:     INFO - flowDet_mmdet.utils.training_utils:  mean nll is nan.
2025-08-08 11:01:55,254:     INFO - train_onlyFLow:  Epoch: 242
2025-08-08 11:01:55,255:     INFO - flowDet_mmdet.utils.training_utils:  mean nll is nan.
2025-08-08 11:01:55,255:     INFO - train_onlyFLow:  Epoch: 243
2025-08-08 11:01:55,255:     INFO - flowDet_mmdet.utils.training_utils:  mean nll is nan.
2025-08-08 11:01:55,256:     INFO - train_onlyFLow:  Epoch: 244
2025-08-08 11:01:55,256:     INFO - flowDet_mmdet.utils.training_utils:  mean nll is nan.
2025-08-08 11:01:55,256:     INFO - train_onlyFLow:  Epoch: 245
2025-08-08 11:01:55,257:     INFO - flowDet_mmdet.utils.training_utils:  mean nll is nan.
2025-08-08 11:01:55,257:     INFO - train_onlyFLow:  Epoch: 246
2025-08-08 11:01:55,258:     INFO - flowDet_mmdet.utils.training_utils:  mean nll is nan.
2025-08-08 11:01:55,258:     INFO - train_onlyFLow:  Epoch: 247
2025-08-08 11:01:55,259:     INFO - flowDet_mmdet.utils.training_utils:  mean nll is nan.
2025-08-08 11:01:55,259:     INFO - train_onlyFLow:  Epoch: 248
2025-08-08 11:01:55,260:     INFO - flowDet_mmdet.utils.training_utils:  mean nll is nan.
2025-08-08 11:01:55,260:     INFO - train_onlyFLow:  Epoch: 249
2025-08-08 11:01:55,261:     INFO - flowDet_mmdet.utils.training_utils:  mean nll is nan.
2025-08-08 11:01:55,261:     INFO - train_onlyFLow:  Epoch: 250
2025-08-08 11:01:55,262:     INFO - flowDet_mmdet.utils.training_utils:  mean nll is nan.
2025-08-08 11:01:55,262:     INFO - train_onlyFLow:  Epoch: 251
2025-08-08 11:01:55,263:     INFO - flowDet_mmdet.utils.training_utils:  mean nll is nan.
2025-08-08 11:01:55,263:     INFO - train_onlyFLow:  Epoch: 252
2025-08-08 11:01:55,264:     INFO - flowDet_mmdet.utils.training_utils:  mean nll is nan.
2025-08-08 11:01:55,264:     INFO - train_onlyFLow:  Epoch: 253
2025-08-08 11:01:55,265:     INFO - flowDet_mmdet.utils.training_utils:  mean nll is nan.
2025-08-08 11:01:55,265:     INFO - train_onlyFLow:  Epoch: 254
2025-08-08 11:01:55,266:     INFO - flowDet_mmdet.utils.training_utils:  mean nll is nan.
2025-08-08 11:01:55,266:     INFO - train_onlyFLow:  Epoch: 255
2025-08-08 11:01:55,266:     INFO - flowDet_mmdet.utils.training_utils:  mean nll is nan.
2025-08-08 11:01:55,267:     INFO - train_onlyFLow:  Epoch: 256
2025-08-08 11:01:55,267:     INFO - flowDet_mmdet.utils.training_utils:  mean nll is nan.
2025-08-08 11:01:55,267:     INFO - train_onlyFLow:  Epoch: 257
2025-08-08 11:01:55,268:     INFO - flowDet_mmdet.utils.training_utils:  mean nll is nan.
2025-08-08 11:01:55,268:     INFO - train_onlyFLow:  Epoch: 258
2025-08-08 11:01:55,269:     INFO - flowDet_mmdet.utils.training_utils:  mean nll is nan.
2025-08-08 11:01:55,269:     INFO - train_onlyFLow:  Epoch: 259
2025-08-08 11:01:55,270:     INFO - flowDet_mmdet.utils.training_utils:  mean nll is nan.
2025-08-08 11:01:55,270:     INFO - train_onlyFLow:  Epoch: 260
2025-08-08 11:01:55,271:     INFO - flowDet_mmdet.utils.training_utils:  mean nll is nan.
2025-08-08 11:01:55,271:     INFO - train_onlyFLow:  Epoch: 261
2025-08-08 11:01:55,272:     INFO - flowDet_mmdet.utils.training_utils:  mean nll is nan.
2025-08-08 11:01:55,272:     INFO - train_onlyFLow:  Epoch: 262
2025-08-08 11:01:55,273:     INFO - flowDet_mmdet.utils.training_utils:  mean nll is nan.
2025-08-08 11:01:55,273:     INFO - train_onlyFLow:  Epoch: 263
2025-08-08 11:01:55,274:     INFO - flowDet_mmdet.utils.training_utils:  mean nll is nan.
2025-08-08 11:01:55,274:     INFO - train_onlyFLow:  Epoch: 264
2025-08-08 11:01:55,275:     INFO - flowDet_mmdet.utils.training_utils:  mean nll is nan.
2025-08-08 11:01:55,275:     INFO - train_onlyFLow:  Epoch: 265
2025-08-08 11:01:55,276:     INFO - flowDet_mmdet.utils.training_utils:  mean nll is nan.
2025-08-08 11:01:55,276:     INFO - train_onlyFLow:  Epoch: 266
2025-08-08 11:01:55,277:     INFO - flowDet_mmdet.utils.training_utils:  mean nll is nan.
2025-08-08 11:01:55,277:     INFO - train_onlyFLow:  Epoch: 267
2025-08-08 11:01:55,277:     INFO - flowDet_mmdet.utils.training_utils:  mean nll is nan.
2025-08-08 11:01:55,278:     INFO - train_onlyFLow:  Epoch: 268
2025-08-08 11:01:55,278:     INFO - flowDet_mmdet.utils.training_utils:  mean nll is nan.
2025-08-08 11:01:55,278:     INFO - train_onlyFLow:  Epoch: 269
2025-08-08 11:01:55,279:     INFO - flowDet_mmdet.utils.training_utils:  mean nll is nan.
2025-08-08 11:01:55,279:     INFO - train_onlyFLow:  Epoch: 270
2025-08-08 11:01:55,280:     INFO - flowDet_mmdet.utils.training_utils:  mean nll is nan.
2025-08-08 11:01:55,280:     INFO - train_onlyFLow:  Epoch: 271
2025-08-08 11:01:55,281:     INFO - flowDet_mmdet.utils.training_utils:  mean nll is nan.
2025-08-08 11:01:55,281:     INFO - train_onlyFLow:  Epoch: 272
2025-08-08 11:01:55,282:     INFO - flowDet_mmdet.utils.training_utils:  mean nll is nan.
2025-08-08 11:01:55,282:     INFO - train_onlyFLow:  Epoch: 273
2025-08-08 11:01:55,283:     INFO - flowDet_mmdet.utils.training_utils:  mean nll is nan.
2025-08-08 11:01:55,283:     INFO - train_onlyFLow:  Epoch: 274
2025-08-08 11:01:55,284:     INFO - flowDet_mmdet.utils.training_utils:  mean nll is nan.
2025-08-08 11:01:55,284:     INFO - train_onlyFLow:  Epoch: 275
2025-08-08 11:01:55,285:     INFO - flowDet_mmdet.utils.training_utils:  mean nll is nan.
2025-08-08 11:01:55,285:     INFO - train_onlyFLow:  Epoch: 276
2025-08-08 11:01:55,286:     INFO - flowDet_mmdet.utils.training_utils:  mean nll is nan.
2025-08-08 11:01:55,286:     INFO - train_onlyFLow:  Epoch: 277
2025-08-08 11:01:55,287:     INFO - flowDet_mmdet.utils.training_utils:  mean nll is nan.
2025-08-08 11:01:55,287:     INFO - train_onlyFLow:  Epoch: 278
2025-08-08 11:01:55,288:     INFO - flowDet_mmdet.utils.training_utils:  mean nll is nan.
2025-08-08 11:01:55,288:     INFO - train_onlyFLow:  Epoch: 279
2025-08-08 11:01:55,289:     INFO - flowDet_mmdet.utils.training_utils:  mean nll is nan.
2025-08-08 11:01:55,289:     INFO - train_onlyFLow:  Epoch: 280
2025-08-08 11:01:55,289:     INFO - flowDet_mmdet.utils.training_utils:  mean nll is nan.
2025-08-08 11:01:55,290:     INFO - train_onlyFLow:  Epoch: 281
2025-08-08 11:01:55,290:     INFO - flowDet_mmdet.utils.training_utils:  mean nll is nan.
2025-08-08 11:01:55,290:     INFO - train_onlyFLow:  Epoch: 282
2025-08-08 11:01:55,291:     INFO - flowDet_mmdet.utils.training_utils:  mean nll is nan.
2025-08-08 11:01:55,291:     INFO - train_onlyFLow:  Epoch: 283
2025-08-08 11:01:55,292:     INFO - flowDet_mmdet.utils.training_utils:  mean nll is nan.
2025-08-08 11:01:55,292:     INFO - train_onlyFLow:  Epoch: 284
2025-08-08 11:01:55,293:     INFO - flowDet_mmdet.utils.training_utils:  mean nll is nan.
2025-08-08 11:01:55,293:     INFO - train_onlyFLow:  Epoch: 285
2025-08-08 11:01:55,294:     INFO - flowDet_mmdet.utils.training_utils:  mean nll is nan.
2025-08-08 11:01:55,294:     INFO - train_onlyFLow:  Epoch: 286
2025-08-08 11:01:55,295:     INFO - flowDet_mmdet.utils.training_utils:  mean nll is nan.
2025-08-08 11:01:55,295:     INFO - train_onlyFLow:  Epoch: 287
2025-08-08 11:01:55,296:     INFO - flowDet_mmdet.utils.training_utils:  mean nll is nan.
2025-08-08 11:01:55,296:     INFO - train_onlyFLow:  Epoch: 288
2025-08-08 11:01:55,297:     INFO - flowDet_mmdet.utils.training_utils:  mean nll is nan.
2025-08-08 11:01:55,297:     INFO - train_onlyFLow:  Epoch: 289
2025-08-08 11:01:55,298:     INFO - flowDet_mmdet.utils.training_utils:  mean nll is nan.
2025-08-08 11:01:55,298:     INFO - train_onlyFLow:  Epoch: 290
2025-08-08 11:01:55,299:     INFO - flowDet_mmdet.utils.training_utils:  mean nll is nan.
2025-08-08 11:01:55,299:     INFO - train_onlyFLow:  Epoch: 291
2025-08-08 11:01:55,299:     INFO - flowDet_mmdet.utils.training_utils:  mean nll is nan.
2025-08-08 11:01:55,299:     INFO - train_onlyFLow:  Epoch: 292
2025-08-08 11:01:55,300:     INFO - flowDet_mmdet.utils.training_utils:  mean nll is nan.
2025-08-08 11:01:55,300:     INFO - train_onlyFLow:  Epoch: 293
2025-08-08 11:01:55,301:     INFO - flowDet_mmdet.utils.training_utils:  mean nll is nan.
2025-08-08 11:01:55,301:     INFO - train_onlyFLow:  Epoch: 294
2025-08-08 11:01:55,302:     INFO - flowDet_mmdet.utils.training_utils:  mean nll is nan.
2025-08-08 11:01:55,302:     INFO - train_onlyFLow:  Epoch: 295
2025-08-08 11:01:55,303:     INFO - flowDet_mmdet.utils.training_utils:  mean nll is nan.
2025-08-08 11:01:55,303:     INFO - train_onlyFLow:  Epoch: 296
2025-08-08 11:01:55,304:     INFO - flowDet_mmdet.utils.training_utils:  mean nll is nan.
2025-08-08 11:01:55,304:     INFO - train_onlyFLow:  Epoch: 297
2025-08-08 11:01:55,305:     INFO - flowDet_mmdet.utils.training_utils:  mean nll is nan.
2025-08-08 11:01:55,305:     INFO - train_onlyFLow:  Epoch: 298
2025-08-08 11:01:55,306:     INFO - flowDet_mmdet.utils.training_utils:  mean nll is nan.
2025-08-08 11:01:55,306:     INFO - train_onlyFLow:  Epoch: 299
2025-08-08 11:01:55,307:     INFO - flowDet_mmdet.utils.training_utils:  mean nll is nan.
2025-08-08 11:01:55,307:     INFO - train_onlyFLow:  Epoch: 300
2025-08-08 11:01:55,308:     INFO - flowDet_mmdet.utils.training_utils:  mean nll is nan.
2025-08-08 11:01:55,308:     INFO - train_onlyFLow:  Epoch: 301
2025-08-08 11:01:55,309:     INFO - flowDet_mmdet.utils.training_utils:  mean nll is nan.
2025-08-08 11:01:55,309:     INFO - train_onlyFLow:  Epoch: 302
2025-08-08 11:01:55,309:     INFO - flowDet_mmdet.utils.training_utils:  mean nll is nan.
2025-08-08 11:01:55,310:     INFO - train_onlyFLow:  Epoch: 303
2025-08-08 11:01:55,310:     INFO - flowDet_mmdet.utils.training_utils:  mean nll is nan.
2025-08-08 11:01:55,310:     INFO - train_onlyFLow:  Epoch: 304
2025-08-08 11:01:55,311:     INFO - flowDet_mmdet.utils.training_utils:  mean nll is nan.
2025-08-08 11:01:55,311:     INFO - train_onlyFLow:  Epoch: 305
2025-08-08 11:01:55,312:     INFO - flowDet_mmdet.utils.training_utils:  mean nll is nan.
2025-08-08 11:01:55,312:     INFO - train_onlyFLow:  Epoch: 306
2025-08-08 11:01:55,313:     INFO - flowDet_mmdet.utils.training_utils:  mean nll is nan.
2025-08-08 11:01:55,313:     INFO - train_onlyFLow:  Epoch: 307
2025-08-08 11:01:55,314:     INFO - flowDet_mmdet.utils.training_utils:  mean nll is nan.
2025-08-08 11:01:55,314:     INFO - train_onlyFLow:  Epoch: 308
2025-08-08 11:01:55,315:     INFO - flowDet_mmdet.utils.training_utils:  mean nll is nan.
2025-08-08 11:01:55,315:     INFO - train_onlyFLow:  Epoch: 309
2025-08-08 11:01:55,316:     INFO - flowDet_mmdet.utils.training_utils:  mean nll is nan.
2025-08-08 11:01:55,316:     INFO - train_onlyFLow:  Epoch: 310
2025-08-08 11:01:55,317:     INFO - flowDet_mmdet.utils.training_utils:  mean nll is nan.
2025-08-08 11:01:55,317:     INFO - train_onlyFLow:  Epoch: 311
2025-08-08 11:01:55,318:     INFO - flowDet_mmdet.utils.training_utils:  mean nll is nan.
2025-08-08 11:01:55,318:     INFO - train_onlyFLow:  Epoch: 312
2025-08-08 11:01:55,319:     INFO - flowDet_mmdet.utils.training_utils:  mean nll is nan.
2025-08-08 11:01:55,319:     INFO - train_onlyFLow:  Epoch: 313
2025-08-08 11:01:55,319:     INFO - flowDet_mmdet.utils.training_utils:  mean nll is nan.
2025-08-08 11:01:55,320:     INFO - train_onlyFLow:  Epoch: 314
2025-08-08 11:01:55,320:     INFO - flowDet_mmdet.utils.training_utils:  mean nll is nan.
2025-08-08 11:01:55,320:     INFO - train_onlyFLow:  Epoch: 315
2025-08-08 11:01:55,321:     INFO - flowDet_mmdet.utils.training_utils:  mean nll is nan.
2025-08-08 11:01:55,321:     INFO - train_onlyFLow:  Epoch: 316
2025-08-08 11:01:55,322:     INFO - flowDet_mmdet.utils.training_utils:  mean nll is nan.
2025-08-08 11:01:55,322:     INFO - train_onlyFLow:  Epoch: 317
2025-08-08 11:01:55,323:     INFO - flowDet_mmdet.utils.training_utils:  mean nll is nan.
2025-08-08 11:01:55,323:     INFO - train_onlyFLow:  Epoch: 318
2025-08-08 11:01:55,324:     INFO - flowDet_mmdet.utils.training_utils:  mean nll is nan.
2025-08-08 11:01:55,324:     INFO - train_onlyFLow:  Epoch: 319
2025-08-08 11:01:55,325:     INFO - flowDet_mmdet.utils.training_utils:  mean nll is nan.
2025-08-08 11:01:55,325:     INFO - train_onlyFLow:  Epoch: 320
2025-08-08 11:01:55,326:     INFO - flowDet_mmdet.utils.training_utils:  mean nll is nan.
2025-08-08 11:01:55,326:     INFO - train_onlyFLow:  Epoch: 321
2025-08-08 11:01:55,327:     INFO - flowDet_mmdet.utils.training_utils:  mean nll is nan.
2025-08-08 11:01:55,327:     INFO - train_onlyFLow:  Epoch: 322
2025-08-08 11:01:55,328:     INFO - flowDet_mmdet.utils.training_utils:  mean nll is nan.
2025-08-08 11:01:55,328:     INFO - train_onlyFLow:  Epoch: 323
2025-08-08 11:01:55,329:     INFO - flowDet_mmdet.utils.training_utils:  mean nll is nan.
2025-08-08 11:01:55,329:     INFO - train_onlyFLow:  Epoch: 324
2025-08-08 11:01:55,330:     INFO - flowDet_mmdet.utils.training_utils:  mean nll is nan.
2025-08-08 11:01:55,330:     INFO - train_onlyFLow:  Epoch: 325
2025-08-08 11:01:55,330:     INFO - flowDet_mmdet.utils.training_utils:  mean nll is nan.
2025-08-08 11:01:55,330:     INFO - train_onlyFLow:  Epoch: 326
2025-08-08 11:01:55,331:     INFO - flowDet_mmdet.utils.training_utils:  mean nll is nan.
2025-08-08 11:01:55,331:     INFO - train_onlyFLow:  Epoch: 327
2025-08-08 11:01:55,332:     INFO - flowDet_mmdet.utils.training_utils:  mean nll is nan.
2025-08-08 11:01:55,332:     INFO - train_onlyFLow:  Epoch: 328
2025-08-08 11:01:55,333:     INFO - flowDet_mmdet.utils.training_utils:  mean nll is nan.
2025-08-08 11:01:55,333:     INFO - train_onlyFLow:  Epoch: 329
2025-08-08 11:01:55,334:     INFO - flowDet_mmdet.utils.training_utils:  mean nll is nan.
2025-08-08 11:01:55,334:     INFO - train_onlyFLow:  Epoch: 330
2025-08-08 11:01:55,335:     INFO - flowDet_mmdet.utils.training_utils:  mean nll is nan.
2025-08-08 11:01:55,335:     INFO - train_onlyFLow:  Epoch: 331
2025-08-08 11:01:55,336:     INFO - flowDet_mmdet.utils.training_utils:  mean nll is nan.
2025-08-08 11:01:55,336:     INFO - train_onlyFLow:  Epoch: 332
2025-08-08 11:01:55,337:     INFO - flowDet_mmdet.utils.training_utils:  mean nll is nan.
2025-08-08 11:01:55,337:     INFO - train_onlyFLow:  Epoch: 333
2025-08-08 11:01:55,338:     INFO - flowDet_mmdet.utils.training_utils:  mean nll is nan.
2025-08-08 11:01:55,338:     INFO - train_onlyFLow:  Epoch: 334
2025-08-08 11:01:55,339:     INFO - flowDet_mmdet.utils.training_utils:  mean nll is nan.
2025-08-08 11:01:55,339:     INFO - train_onlyFLow:  Epoch: 335
2025-08-08 11:01:55,340:     INFO - flowDet_mmdet.utils.training_utils:  mean nll is nan.
2025-08-08 11:01:55,340:     INFO - train_onlyFLow:  Epoch: 336
2025-08-08 11:01:55,340:     INFO - flowDet_mmdet.utils.training_utils:  mean nll is nan.
2025-08-08 11:01:55,340:     INFO - train_onlyFLow:  Epoch: 337
2025-08-08 11:01:55,341:     INFO - flowDet_mmdet.utils.training_utils:  mean nll is nan.
2025-08-08 11:01:55,341:     INFO - train_onlyFLow:  Epoch: 338
2025-08-08 11:01:55,342:     INFO - flowDet_mmdet.utils.training_utils:  mean nll is nan.
2025-08-08 11:01:55,342:     INFO - train_onlyFLow:  Epoch: 339
2025-08-08 11:01:55,343:     INFO - flowDet_mmdet.utils.training_utils:  mean nll is nan.
2025-08-08 11:01:55,343:     INFO - train_onlyFLow:  Epoch: 340
2025-08-08 11:01:55,344:     INFO - flowDet_mmdet.utils.training_utils:  mean nll is nan.
2025-08-08 11:01:55,344:     INFO - train_onlyFLow:  Epoch: 341
2025-08-08 11:01:55,345:     INFO - flowDet_mmdet.utils.training_utils:  mean nll is nan.
2025-08-08 11:01:55,345:     INFO - train_onlyFLow:  Epoch: 342
2025-08-08 11:01:55,346:     INFO - flowDet_mmdet.utils.training_utils:  mean nll is nan.
2025-08-08 11:01:55,346:     INFO - train_onlyFLow:  Epoch: 343
2025-08-08 11:01:55,347:     INFO - flowDet_mmdet.utils.training_utils:  mean nll is nan.
2025-08-08 11:01:55,347:     INFO - train_onlyFLow:  Epoch: 344
2025-08-08 11:01:55,348:     INFO - flowDet_mmdet.utils.training_utils:  mean nll is nan.
2025-08-08 11:01:55,348:     INFO - train_onlyFLow:  Epoch: 345
2025-08-08 11:01:55,349:     INFO - flowDet_mmdet.utils.training_utils:  mean nll is nan.
2025-08-08 11:01:55,349:     INFO - train_onlyFLow:  Epoch: 346
2025-08-08 11:01:55,350:     INFO - flowDet_mmdet.utils.training_utils:  mean nll is nan.
2025-08-08 11:01:55,350:     INFO - train_onlyFLow:  Epoch: 347
2025-08-08 11:01:55,350:     INFO - flowDet_mmdet.utils.training_utils:  mean nll is nan.
2025-08-08 11:01:55,351:     INFO - train_onlyFLow:  Epoch: 348
2025-08-08 11:01:55,351:     INFO - flowDet_mmdet.utils.training_utils:  mean nll is nan.
2025-08-08 11:01:55,351:     INFO - train_onlyFLow:  Epoch: 349
2025-08-08 11:01:55,352:     INFO - flowDet_mmdet.utils.training_utils:  mean nll is nan.
2025-08-08 11:01:55,352:     INFO - train_onlyFLow:  Epoch: 350
2025-08-08 11:01:55,353:     INFO - flowDet_mmdet.utils.training_utils:  mean nll is nan.
2025-08-08 11:01:55,353:     INFO - train_onlyFLow:  Epoch: 351
2025-08-08 11:01:55,354:     INFO - flowDet_mmdet.utils.training_utils:  mean nll is nan.
2025-08-08 11:01:55,354:     INFO - train_onlyFLow:  Epoch: 352
2025-08-08 11:01:55,355:     INFO - flowDet_mmdet.utils.training_utils:  mean nll is nan.
2025-08-08 11:01:55,355:     INFO - train_onlyFLow:  Epoch: 353
2025-08-08 11:01:55,356:     INFO - flowDet_mmdet.utils.training_utils:  mean nll is nan.
2025-08-08 11:01:55,356:     INFO - train_onlyFLow:  Epoch: 354
2025-08-08 11:01:55,357:     INFO - flowDet_mmdet.utils.training_utils:  mean nll is nan.
2025-08-08 11:01:55,357:     INFO - train_onlyFLow:  Epoch: 355
2025-08-08 11:01:55,358:     INFO - flowDet_mmdet.utils.training_utils:  mean nll is nan.
2025-08-08 11:01:55,358:     INFO - train_onlyFLow:  Epoch: 356
2025-08-08 11:01:55,359:     INFO - flowDet_mmdet.utils.training_utils:  mean nll is nan.
2025-08-08 11:01:55,359:     INFO - train_onlyFLow:  Epoch: 357
2025-08-08 11:01:55,360:     INFO - flowDet_mmdet.utils.training_utils:  mean nll is nan.
2025-08-08 11:01:55,360:     INFO - train_onlyFLow:  Epoch: 358
2025-08-08 11:01:55,361:     INFO - flowDet_mmdet.utils.training_utils:  mean nll is nan.
2025-08-08 11:01:55,361:     INFO - train_onlyFLow:  Epoch: 359
2025-08-08 11:01:55,361:     INFO - flowDet_mmdet.utils.training_utils:  mean nll is nan.
2025-08-08 11:01:55,362:     INFO - train_onlyFLow:  Epoch: 360
2025-08-08 11:01:55,362:     INFO - flowDet_mmdet.utils.training_utils:  mean nll is nan.
2025-08-08 11:01:55,362:     INFO - train_onlyFLow:  Epoch: 361
2025-08-08 11:01:55,363:     INFO - flowDet_mmdet.utils.training_utils:  mean nll is nan.
2025-08-08 11:01:55,363:     INFO - train_onlyFLow:  Epoch: 362
2025-08-08 11:01:55,364:     INFO - flowDet_mmdet.utils.training_utils:  mean nll is nan.
2025-08-08 11:01:55,364:     INFO - train_onlyFLow:  Epoch: 363
2025-08-08 11:01:55,365:     INFO - flowDet_mmdet.utils.training_utils:  mean nll is nan.
2025-08-08 11:01:55,365:     INFO - train_onlyFLow:  Epoch: 364
2025-08-08 11:01:55,366:     INFO - flowDet_mmdet.utils.training_utils:  mean nll is nan.
2025-08-08 11:01:55,366:     INFO - train_onlyFLow:  Epoch: 365
2025-08-08 11:01:55,367:     INFO - flowDet_mmdet.utils.training_utils:  mean nll is nan.
2025-08-08 11:01:55,367:     INFO - train_onlyFLow:  Epoch: 366
2025-08-08 11:01:55,368:     INFO - flowDet_mmdet.utils.training_utils:  mean nll is nan.
2025-08-08 11:01:55,368:     INFO - train_onlyFLow:  Epoch: 367
2025-08-08 11:01:55,369:     INFO - flowDet_mmdet.utils.training_utils:  mean nll is nan.
2025-08-08 11:01:55,369:     INFO - train_onlyFLow:  Epoch: 368
2025-08-08 11:01:55,370:     INFO - flowDet_mmdet.utils.training_utils:  mean nll is nan.
2025-08-08 11:01:55,370:     INFO - train_onlyFLow:  Epoch: 369
2025-08-08 11:01:55,371:     INFO - flowDet_mmdet.utils.training_utils:  mean nll is nan.
2025-08-08 11:01:55,371:     INFO - train_onlyFLow:  Epoch: 370
2025-08-08 11:01:55,372:     INFO - flowDet_mmdet.utils.training_utils:  mean nll is nan.
2025-08-08 11:01:55,372:     INFO - train_onlyFLow:  Epoch: 371
2025-08-08 11:01:55,372:     INFO - flowDet_mmdet.utils.training_utils:  mean nll is nan.
2025-08-08 11:01:55,372:     INFO - train_onlyFLow:  Epoch: 372
2025-08-08 11:01:55,373:     INFO - flowDet_mmdet.utils.training_utils:  mean nll is nan.
2025-08-08 11:01:55,373:     INFO - train_onlyFLow:  Epoch: 373
2025-08-08 11:01:55,374:     INFO - flowDet_mmdet.utils.training_utils:  mean nll is nan.
2025-08-08 11:01:55,374:     INFO - train_onlyFLow:  Epoch: 374
2025-08-08 11:01:55,375:     INFO - flowDet_mmdet.utils.training_utils:  mean nll is nan.
2025-08-08 11:01:55,375:     INFO - train_onlyFLow:  Epoch: 375
2025-08-08 11:01:55,376:     INFO - flowDet_mmdet.utils.training_utils:  mean nll is nan.
2025-08-08 11:01:55,376:     INFO - train_onlyFLow:  Epoch: 376
2025-08-08 11:01:55,377:     INFO - flowDet_mmdet.utils.training_utils:  mean nll is nan.
2025-08-08 11:01:55,377:     INFO - train_onlyFLow:  Epoch: 377
2025-08-08 11:01:55,378:     INFO - flowDet_mmdet.utils.training_utils:  mean nll is nan.
2025-08-08 11:01:55,378:     INFO - train_onlyFLow:  Epoch: 378
2025-08-08 11:01:55,379:     INFO - flowDet_mmdet.utils.training_utils:  mean nll is nan.
2025-08-08 11:01:55,379:     INFO - train_onlyFLow:  Epoch: 379
2025-08-08 11:01:55,380:     INFO - flowDet_mmdet.utils.training_utils:  mean nll is nan.
2025-08-08 11:01:55,380:     INFO - train_onlyFLow:  Epoch: 380
2025-08-08 11:01:55,381:     INFO - flowDet_mmdet.utils.training_utils:  mean nll is nan.
2025-08-08 11:01:55,381:     INFO - train_onlyFLow:  Epoch: 381
2025-08-08 11:01:55,382:     INFO - flowDet_mmdet.utils.training_utils:  mean nll is nan.
2025-08-08 11:01:55,382:     INFO - train_onlyFLow:  Epoch: 382
2025-08-08 11:01:55,382:     INFO - flowDet_mmdet.utils.training_utils:  mean nll is nan.
2025-08-08 11:01:55,382:     INFO - train_onlyFLow:  Epoch: 383
2025-08-08 11:01:55,383:     INFO - flowDet_mmdet.utils.training_utils:  mean nll is nan.
2025-08-08 11:01:55,383:     INFO - train_onlyFLow:  Epoch: 384
2025-08-08 11:01:55,384:     INFO - flowDet_mmdet.utils.training_utils:  mean nll is nan.
2025-08-08 11:01:55,384:     INFO - train_onlyFLow:  Epoch: 385
2025-08-08 11:01:55,385:     INFO - flowDet_mmdet.utils.training_utils:  mean nll is nan.
2025-08-08 11:01:55,385:     INFO - train_onlyFLow:  Epoch: 386
2025-08-08 11:01:55,386:     INFO - flowDet_mmdet.utils.training_utils:  mean nll is nan.
2025-08-08 11:01:55,386:     INFO - train_onlyFLow:  Epoch: 387
2025-08-08 11:01:55,387:     INFO - flowDet_mmdet.utils.training_utils:  mean nll is nan.
2025-08-08 11:01:55,387:     INFO - train_onlyFLow:  Epoch: 388
2025-08-08 11:01:55,388:     INFO - flowDet_mmdet.utils.training_utils:  mean nll is nan.
2025-08-08 11:01:55,388:     INFO - train_onlyFLow:  Epoch: 389
2025-08-08 11:01:55,389:     INFO - flowDet_mmdet.utils.training_utils:  mean nll is nan.
2025-08-08 11:01:55,389:     INFO - train_onlyFLow:  Epoch: 390
2025-08-08 11:01:55,390:     INFO - flowDet_mmdet.utils.training_utils:  mean nll is nan.
2025-08-08 11:01:55,390:     INFO - train_onlyFLow:  Epoch: 391
2025-08-08 11:01:55,391:     INFO - flowDet_mmdet.utils.training_utils:  mean nll is nan.
2025-08-08 11:01:55,391:     INFO - train_onlyFLow:  Epoch: 392
2025-08-08 11:01:55,392:     INFO - flowDet_mmdet.utils.training_utils:  mean nll is nan.
2025-08-08 11:01:55,392:     INFO - train_onlyFLow:  Epoch: 393
2025-08-08 11:01:55,392:     INFO - flowDet_mmdet.utils.training_utils:  mean nll is nan.
2025-08-08 11:01:55,392:     INFO - train_onlyFLow:  Epoch: 394
2025-08-08 11:01:55,393:     INFO - flowDet_mmdet.utils.training_utils:  mean nll is nan.
2025-08-08 11:01:55,393:     INFO - train_onlyFLow:  Epoch: 395
2025-08-08 11:01:55,394:     INFO - flowDet_mmdet.utils.training_utils:  mean nll is nan.
2025-08-08 11:01:55,394:     INFO - train_onlyFLow:  Epoch: 396
2025-08-08 11:01:55,395:     INFO - flowDet_mmdet.utils.training_utils:  mean nll is nan.
2025-08-08 11:01:55,395:     INFO - train_onlyFLow:  Epoch: 397
2025-08-08 11:01:55,396:     INFO - flowDet_mmdet.utils.training_utils:  mean nll is nan.
2025-08-08 11:01:55,396:     INFO - train_onlyFLow:  Epoch: 398
2025-08-08 11:01:55,397:     INFO - flowDet_mmdet.utils.training_utils:  mean nll is nan.
2025-08-08 11:01:55,397:     INFO - train_onlyFLow:  Epoch: 399
2025-08-08 11:01:55,398:     INFO - flowDet_mmdet.utils.training_utils:  mean nll is nan.
Saving model to /home/chen_le/TMNF/data/trained_weights/YOLOv8/XMLDataset/rnvp/FlowDet_Voc_clsLogits_lru1_lru2_yolo/resampled_cls_ib/fixed_prior/beta30.0_sig0.5_T100_eps0.05_3*128_Ini0True_dp0.1_affine_exp_16*[4*64]_Adam_0.0001_bs1024_max400_gnormNone_rnd3/saved_model...
2025-08-08 11:01:55,423:     INFO - train_onlyFLow:  Evaluation on Test set after training:
2025-08-08 11:01:55,423:     INFO - train_onlyFLow:  ##### On Test Set: #####
2025-08-08 11:01:55,423:     INFO - flowDet_mmdet.utils.functional_utils:  Estimating Z...

/home/chen_le/miniforge3/envs/tmnf_mmdet/lib/python3.7/site-packages/numpy/core/_methods.py:189: RuntimeWarning: invalid value encountered in true_divide
  ret = ret.dtype.type(ret / rcount)
/home/chen_le/miniforge3/envs/tmnf_mmdet/lib/python3.7/site-packages/sklearn/metrics/_ranking.py:864: RuntimeWarning: invalid value encountered in true_divide
  recall = tps / tps[-1]
/home/chen_le/miniforge3/envs/tmnf_mmdet/lib/python3.7/site-packages/numpy/core/fromnumeric.py:3441: RuntimeWarning: Mean of empty slice.
  out=out, **kwargs)
/home/chen_le/miniforge3/envs/tmnf_mmdet/lib/python3.7/site-packages/numpy/core/_methods.py:189: RuntimeWarning: invalid value encountered in double_scalars
  ret = ret.dtype.type(ret / rcount)
0it [00:00, ?it/s]1it [00:00, 13.97it/s]2025-08-08 11:02:04,180:     INFO - flowDet_mmdet.utils.functional_utils:  tpKnown_nll after filtering out 0 Nans: 9.739
2025-08-08 11:02:04,180:     INFO - flowDet_mmdet.utils.functional_utils:  fpUnknown_nll after filtering out 0 Nans: 3.748
2025-08-08 11:02:04,181:     INFO - flowDet_mmdet.utils.gmmDet_utils:  Results for Method: rnvp_resampled_cls_ib
2025-08-08 11:02:04,181:     INFO - flowDet_mmdet.utils.gmmDet_utils:  ------ AUPR: 0.25
2025-08-08 11:02:04,181:     INFO - flowDet_mmdet.utils.gmmDet_utils:  ------ AUROC: 0.0
2025-08-08 11:02:04,181:     INFO - flowDet_mmdet.utils.gmmDet_utils:  ------ TPR at 0.0FPR: 0.0
2025-08-08 11:02:04,181:     INFO - flowDet_mmdet.utils.gmmDet_utils:  ------ TPR at 0.0FPR: 0.0
2025-08-08 11:02:04,182:     INFO - flowDet_mmdet.utils.gmmDet_utils:  ------ TPR at 0.0FPR: 0.0


